Sample_ID,Adenoma,combined_cluster,k,n,prop
Pilot_large_1,Low-grade,0,260,1981,0.13124684502776376
Pilot_large_1,Low-grade,1,300,1981,0.1514386673397274
Pilot_large_1,Low-grade,2,1102,1981,0.5562847046945987
Pilot_large_1,Low-grade,3,62,1981,0.031297324583543666
Pilot_large_1,Low-grade,4,245,1981,0.12367491166077739
Pilot_large_1,Low-grade,5,7,1981,0.0035335689045936395
Pilot_large_1,Low-grade,6,1,1981,5.047955577990914e-4
Pilot_large_1,Low-grade,7,4,1981,0.0020191822311963654
Pilot_large_1,Low-grade,8,0,1981,0
Pilot_large_1,Normal,0,0,389,0
Pilot_large_1,Normal,1,273,389,0.7017994858611826
Pilot_large_1,Normal,2,0,389,0
Pilot_large_1,Normal,3,19,389,0.04884318766066838
Pilot_large_1,Normal,4,0,389,0
Pilot_large_1,Normal,5,97,389,0.2493573264781491
Pilot_large_1,Normal,6,0,389,0
Pilot_large_1,Normal,7,0,389,0
Pilot_large_1,Normal,8,0,389,0
Pilot_large_2,Low-grade,0,784,2989,0.26229508196721313
Pilot_large_2,Low-grade,1,173,2989,0.057878889260622284
Pilot_large_2,Low-grade,2,1155,2989,0.3864168618266979
Pilot_large_2,Low-grade,3,90,2989,0.03011040481766477
Pilot_large_2,Low-grade,4,747,2989,0.2499163599866176
Pilot_large_2,Low-grade,5,25,2989,0.008364001338240215
Pilot_large_2,Low-grade,6,4,2989,0.0013382402141184342
Pilot_large_2,Low-grade,7,11,2989,0.0036801605888256944
Pilot_large_2,Low-grade,8,0,2989,0
Pilot_large_2,Normal,0,26,331,0.07854984894259819
Pilot_large_2,Normal,1,206,331,0.622356495468278
Pilot_large_2,Normal,2,0,331,0
Pilot_large_2,Normal,3,24,331,0.07250755287009064
Pilot_large_2,Normal,4,3,331,0.00906344410876133
Pilot_large_2,Normal,5,65,331,0.19637462235649547
Pilot_large_2,Normal,6,7,331,0.021148036253776436
Pilot_large_2,Normal,7,0,331,0
Pilot_large_2,Normal,8,0,331,0
Pilot_small_1,Low-grade,0,54,393,0.13740458015267176
Pilot_small_1,Low-grade,1,16,393,0.04071246819338423
Pilot_small_1,Low-grade,2,229,393,0.58269720101781175
Pilot_small_1,Low-grade,3,32,393,0.08142493638676845
Pilot_small_1,Low-grade,4,62,393,0.15776081424936386
Pilot_small_1,Low-grade,5,0,393,0
Pilot_small_1,Low-grade,6,0,393,0
Pilot_small_1,Low-grade,7,0,393,0
Pilot_small_1,Low-grade,8,0,393,0
Pilot_small_1,Normal,0,134,661,0.2027231467473525
Pilot_small_1,Normal,1,128,661,0.19364599092284418
Pilot_small_1,Normal,2,22,661,0.03328290468986384
Pilot_small_1,Normal,3,300,661,0.45385779122541603
Pilot_small_1,Normal,4,39,661,0.059001512859304085
Pilot_small_1,Normal,5,4,661,0.006051437216338881
Pilot_small_1,Normal,6,30,661,0.0453857791225416
Pilot_small_1,Normal,7,4,661,0.006051437216338881
Pilot_small_1,Normal,8,0,661,0
R2_large_1,Low-grade,0,96,409,0.23471882640586797
R2_large_1,Low-grade,1,43,409,0.10513447432762836
R2_large_1,Low-grade,2,46,409,0.11246943765281174
R2_large_1,Low-grade,3,28,409,0.06845965770171149
R2_large_1,Low-grade,4,178,409,0.4352078239608802
R2_large_1,Low-grade,5,1,409,0.0024449877750611247
R2_large_1,Low-grade,6,10,409,0.02444987775061125
R2_large_1,Low-grade,7,3,409,0.007334963325183374
R2_large_1,Low-grade,8,4,409,0.009779951100244499
R2_large_1,Normal,0,10,127,0.07874015748031496
R2_large_1,Normal,1,43,127,0.33858267716535434
R2_large_1,Normal,2,1,127,0.007874015748031496
R2_large_1,Normal,3,37,127,0.29133858267716534
R2_large_1,Normal,4,8,127,0.06299212598425197
R2_large_1,Normal,5,0,127,0
R2_large_1,Normal,6,21,127,0.16535433070866143
R2_large_1,Normal,7,7,127,0.05511811023622047
R2_large_1,Normal,8,0,127,0
R2_large_2,Low-grade,0,32,242,0.1322314049586777
R2_large_2,Low-grade,1,16,242,0.06611570247933884
R2_large_2,Low-grade,2,48,242,0.19834710743801653
R2_large_2,Low-grade,3,12,242,0.049586776859504134
R2_large_2,Low-grade,4,42,242,0.17355371900826447
R2_large_2,Low-grade,5,71,242,0.29338842975206614
R2_large_2,Low-grade,6,2,242,0.008264462809917356
R2_large_2,Low-grade,7,8,242,0.03305785123966942
R2_large_2,Low-grade,8,11,242,0.045454545454545456
R2_large_2,Normal,0,216,1137,0.18997361477572558
R2_large_2,Normal,1,183,1137,0.16094986807387862
R2_large_2,Normal,2,18,1137,0.0158311345646438
R2_large_2,Normal,3,208,1137,0.18293755496921724
R2_large_2,Normal,4,20,1137,0.01759014951627089
R2_large_2,Normal,5,324,1137,0.2849604221635884
R2_large_2,Normal,6,48,1137,0.04221635883905013
R2_large_2,Normal,7,53,1137,0.04661389621811785
R2_large_2,Normal,8,67,1137,0.058927000879507474
R2_small_1,Low-grade,0,5,30,0.16666666666666666
R2_small_1,Low-grade,1,0,30,0
R2_small_1,Low-grade,2,11,30,0.36666666666666664
R2_small_1,Low-grade,3,6,30,0.2
R2_small_1,Low-grade,4,8,30,0.26666666666666666
R2_small_1,Low-grade,5,0,30,0
R2_small_1,Low-grade,6,0,30,0
R2_small_1,Low-grade,7,0,30,0
R2_small_1,Low-grade,8,0,30,0
R2_small_1,Normal,0,60,284,0.2112676056338028
R2_small_1,Normal,1,13,284,0.045774647887323945
R2_small_1,Normal,2,15,284,0.0528169014084507
R2_small_1,Normal,3,99,284,0.3485915492957746
R2_small_1,Normal,4,6,284,0.02112676056338028
R2_small_1,Normal,5,10,284,0.035211267605633804
R2_small_1,Normal,6,77,284,0.2711267605633803
R2_small_1,Normal,7,3,284,0.01056338028169014
R2_small_1,Normal,8,1,284,0.0035211267605633804
R2_small_2,Low-grade,0,2,66,0.030303030303030304
R2_small_2,Low-grade,1,8,66,0.12121212121212122
R2_small_2,Low-grade,2,26,66,0.3939393939393939
R2_small_2,Low-grade,3,13,66,0.19696969696969696
R2_small_2,Low-grade,4,10,66,0.15151515151515152
R2_small_2,Low-grade,5,0,66,0
R2_small_2,Low-grade,6,1,66,0.015151515151515152
R2_small_2,Low-grade,7,5,66,0.07575757575757576
R2_small_2,Low-grade,8,1,66,0.015151515151515152
R2_small_2,Normal,0,20,370,0.05405405405405406
R2_small_2,Normal,1,75,370,0.20270270270270271
R2_small_2,Normal,2,11,370,0.02972972972972973
R2_small_2,Normal,3,119,370,0.3216216216216216
R2_small_2,Normal,4,6,370,0.016216216216216217
R2_small_2,Normal,5,2,370,0.005405405405405406
R2_small_2,Normal,6,99,370,0.26756756756756755
R2_small_2,Normal,7,31,370,0.08378378378378379
R2_small_2,Normal,8,7,370,0.01891891891891892
R3_large_1,Low-grade,0,215,903,0.23809523809523808
R3_large_1,Low-grade,1,69,903,0.07641196013289037
R3_large_1,Low-grade,2,383,903,0.42414174972314506
R3_large_1,Low-grade,3,21,903,0.023255813953488372
R3_large_1,Low-grade,4,161,903,0.17829457364341086
R3_large_1,Low-grade,5,13,903,0.014396456256921373
R3_large_1,Low-grade,6,20,903,0.0221483942414175
R3_large_1,Low-grade,7,3,903,0.0033222591362126247
R3_large_1,Low-grade,8,18,903,0.019933554817275746
R3_large_1,Normal,0,454,1437,0.3159359777313848
R3_large_1,Normal,1,420,1437,0.29227557411273486
R3_large_1,Normal,2,18,1437,0.012526096033402923
R3_large_1,Normal,3,332,1437,0.23103688239387613
R3_large_1,Normal,4,18,1437,0.012526096033402923
R3_large_1,Normal,5,58,1437,0.04036186499652053
R3_large_1,Normal,6,91,1437,0.06332637439109255
R3_large_1,Normal,7,30,1437,0.020876826722338204
R3_large_1,Normal,8,16,1437,0.011134307585247043
R3_large_2,Low-grade,0,826,2957,0.2793371660466689
R3_large_2,Low-grade,1,515,2957,0.1741630030436253
R3_large_2,Low-grade,2,1147,2957,0.3878931349340548
R3_large_2,Low-grade,3,48,2957,0.016232668244842745
R3_large_2,Low-grade,4,178,2957,0.06019614474129185
R3_large_2,Low-grade,5,53,2957,0.017923571187013865
R3_large_2,Low-grade,6,20,2957,0.006763611768684477
R3_large_2,Low-grade,7,149,2957,0.05038890767669936
R3_large_2,Low-grade,8,21,2957,0.007101792357118702
R3_large_2,Normal,0,17,64,0.265625
R3_large_2,Normal,1,27,64,0.421875
R3_large_2,Normal,2,0,64,0
R3_large_2,Normal,3,9,64,0.140625
R3_large_2,Normal,4,0,64,0
R3_large_2,Normal,5,0,64,0
R3_large_2,Normal,6,4,64,0.0625
R3_large_2,Normal,7,7,64,0.109375
R3_large_2,Normal,8,0,64,0
R3_large_3,Low-grade,0,224,775,0.28903225806451616
R3_large_3,Low-grade,1,38,775,0.04903225806451613
R3_large_3,Low-grade,2,265,775,0.3419354838709677
R3_large_3,Low-grade,3,20,775,0.025806451612903226
R3_large_3,Low-grade,4,171,775,0.22064516129032258
R3_large_3,Low-grade,5,0,775,0
R3_large_3,Low-grade,6,3,775,0.003870967741935484
R3_large_3,Low-grade,7,2,775,0.0025806451612903226
R3_large_3,Low-grade,8,52,775,0.06709677419354838
R3_large_3,Normal,0,642,1399,0.45889921372408865
R3_large_3,Normal,1,346,1399,0.24731951393852752
R3_large_3,Normal,2,16,1399,0.01143674052894925
R3_large_3,Normal,3,269,1399,0.19228020014295927
R3_large_3,Normal,4,11,1399,0.007862759113652609
R3_large_3,Normal,5,16,1399,0.01143674052894925
R3_large_3,Normal,6,80,1399,0.057183702644746245
R3_large_3,Normal,7,8,1399,0.005718370264474625
R3_large_3,Normal,8,11,1399,0.007862759113652609
R3_large_4,Low-grade,0,12,885,0.013559322033898305
R3_large_4,Low-grade,1,98,885,0.11073446327683616
R3_large_4,Low-grade,2,315,885,0.3559322033898305
R3_large_4,Low-grade,3,32,885,0.03615819209039548
R3_large_4,Low-grade,4,92,885,0.103954802259887
R3_large_4,Low-grade,5,5,885,0.005649717514124294
R3_large_4,Low-grade,6,13,885,0.014689265536723164
R3_large_4,Low-grade,7,1,885,0.0011299435028248588
R3_large_4,Low-grade,8,317,885,0.3581920903954802
R3_large_4,Normal,0,15,731,0.02051983584131327
R3_large_4,Normal,1,210,731,0.2872777017783858
R3_large_4,Normal,2,11,731,0.015047879616963064
R3_large_4,Normal,3,97,731,0.1326949384404925
R3_large_4,Normal,4,11,731,0.015047879616963064
R3_large_4,Normal,5,57,731,0.07797537619699042
R3_large_4,Normal,6,95,731,0.12995896032831739
R3_large_4,Normal,7,20,731,0.027359781121751026
R3_large_4,Normal,8,215,731,0.29411764705882354
R3_large_5,Low-grade,0,43,398,0.10804020100502512
R3_large_5,Low-grade,1,18,398,0.04522613065326633
R3_large_5,Low-grade,2,241,398,0.6055276381909548
R3_large_5,Low-grade,3,12,398,0.03015075376884422
R3_large_5,Low-grade,4,43,398,0.10804020100502512
R3_large_5,Low-grade,5,5,398,0.01256281407035176
R3_large_5,Low-grade,6,12,398,0.03015075376884422
R3_large_5,Low-grade,7,6,398,0.01507537688442211
R3_large_5,Low-grade,8,18,398,0.04522613065326633
R3_large_5,Normal,0,94,322,0.2919254658385093
R3_large_5,Normal,1,49,322,0.15217391304347827
R3_large_5,Normal,2,5,322,0.015527950310559006
R3_large_5,Normal,3,50,322,0.15527950310559005
R3_large_5,Normal,4,26,322,0.08074534161490683
R3_large_5,Normal,5,22,322,0.06832298136645963
R3_large_5,Normal,6,46,322,0.14285714285714285
R3_large_5,Normal,7,25,322,0.07763975155279502
R3_large_5,Normal,8,5,322,0.015527950310559006
R3_large_6,Low-grade,0,42,541,0.07763401109057301
R3_large_6,Low-grade,1,45,541,0.08317929759704251
R3_large_6,Low-grade,2,328,541,0.6062846580406654
R3_large_6,Low-grade,3,15,541,0.027726432532347505
R3_large_6,Low-grade,4,51,541,0.09426987060998152
R3_large_6,Low-grade,5,3,541,0.005545286506469501
R3_large_6,Low-grade,6,36,541,0.066543438077634
R3_large_6,Low-grade,7,20,541,0.036968576709796676
R3_large_6,Low-grade,8,1,541,0.0018484288354898336
R3_large_6,Normal,0,31,297,0.10437710437710437
R3_large_6,Normal,1,98,297,0.32996632996632996
R3_large_6,Normal,2,9,297,0.030303030303030304
R3_large_6,Normal,3,46,297,0.15488215488215487
R3_large_6,Normal,4,1,297,0.003367003367003367
R3_large_6,Normal,5,11,297,0.037037037037037035
R3_large_6,Normal,6,72,297,0.24242424242424243
R3_large_6,Normal,7,26,297,0.08754208754208755
R3_large_6,Normal,8,3,297,0.010101010101010102
R3_large_7,Low-grade,0,159,676,0.23520710059171598
R3_large_7,Low-grade,1,32,676,0.047337278106508875
R3_large_7,Low-grade,2,190,676,0.28106508875739644
R3_large_7,Low-grade,3,48,676,0.07100591715976332
R3_large_7,Low-grade,4,141,676,0.20857988165680474
R3_large_7,Low-grade,5,4,676,0.005917159763313609
R3_large_7,Low-grade,6,24,676,0.03550295857988166
R3_large_7,Low-grade,7,3,676,0.004437869822485207
R3_large_7,Low-grade,8,75,676,0.11094674556213018
R3_large_7,Normal,0,78,323,0.24148606811145512
R3_large_7,Normal,1,49,323,0.15170278637770898
R3_large_7,Normal,2,7,323,0.021671826625386997
R3_large_7,Normal,3,31,323,0.09597523219814241
R3_large_7,Normal,4,6,323,0.018575851393188854
R3_large_7,Normal,5,14,323,0.043343653250773995
R3_large_7,Normal,6,89,323,0.2755417956656347
R3_large_7,Normal,7,6,323,0.018575851393188854
R3_large_7,Normal,8,43,323,0.13312693498452013
R3_small_1,Low-grade,0,101,686,0.14723032069970846
R3_small_1,Low-grade,1,171,686,0.24927113702623907
R3_small_1,Low-grade,2,164,686,0.239067055393586
R3_small_1,Low-grade,3,55,686,0.08017492711370262
R3_small_1,Low-grade,4,44,686,0.0641399416909621
R3_small_1,Low-grade,5,55,686,0.08017492711370262
R3_small_1,Low-grade,6,27,686,0.03935860058309038
R3_small_1,Low-grade,7,67,686,0.09766763848396501
R3_small_1,Low-grade,8,2,686,0.0029154518950437317
R3_small_1,Normal,0,8,103,0.07766990291262135
R3_small_1,Normal,1,21,103,0.20388349514563106
R3_small_1,Normal,2,0,103,0
R3_small_1,Normal,3,10,103,0.0970873786407767
R3_small_1,Normal,4,6,103,0.05825242718446602
R3_small_1,Normal,5,13,103,0.1262135922330097
R3_small_1,Normal,6,31,103,0.30097087378640774
R3_small_1,Normal,7,14,103,0.13592233009708737
R3_small_1,Normal,8,0,103,0
R4_large_1,Low-grade,0,38,395,0.09620253164556962
R4_large_1,Low-grade,1,66,395,0.1670886075949367
R4_large_1,Low-grade,2,128,395,0.3240506329113924
R4_large_1,Low-grade,3,5,395,0.012658227848101266
R4_large_1,Low-grade,4,25,395,0.06329113924050633
R4_large_1,Low-grade,5,1,395,0.002531645569620253
R4_large_1,Low-grade,6,11,395,0.027848101265822784
R4_large_1,Low-grade,7,13,395,0.03291139240506329
R4_large_1,Low-grade,8,108,395,0.27341772151898736
R4_large_1,Normal,0,40,803,0.049813200498132
R4_large_1,Normal,1,282,803,0.35118306351183065
R4_large_1,Normal,2,0,803,0
R4_large_1,Normal,3,205,803,0.25529265255292655
R4_large_1,Normal,4,6,803,0.007471980074719801
R4_large_1,Normal,5,27,803,0.033623910336239106
R4_large_1,Normal,6,180,803,0.22415940224159403
R4_large_1,Normal,7,24,803,0.029887920298879204
R4_large_1,Normal,8,39,803,0.048567870485678705
R4_large_2,Low-grade,0,415,1422,0.2918424753867792
R4_large_2,Low-grade,1,90,1422,0.06329113924050633
R4_large_2,Low-grade,2,217,1422,0.15260196905766527
R4_large_2,Low-grade,3,32,1422,0.02250351617440225
R4_large_2,Low-grade,4,578,1422,0.40646976090014064
R4_large_2,Low-grade,5,25,1422,0.017580872011251757
R4_large_2,Low-grade,6,33,1422,0.023206751054852322
R4_large_2,Low-grade,7,3,1422,0.002109704641350211
R4_large_2,Low-grade,8,29,1422,0.020393811533052038
R4_large_2,Normal,0,114,520,0.21923076923076923
R4_large_2,Normal,1,149,520,0.2865384615384615
R4_large_2,Normal,2,1,520,0.0019230769230769232
R4_large_2,Normal,3,116,520,0.2230769230769231
R4_large_2,Normal,4,1,520,0.0019230769230769232
R4_large_2,Normal,5,12,520,0.023076923076923078
R4_large_2,Normal,6,4,520,0.007692307692307693
R4_large_2,Normal,7,93,520,0.17884615384615385
R4_large_2,Normal,8,30,520,0.057692307692307696
R4_large_3,Low-grade,0,833,1856,0.4488146551724138
R4_large_3,Low-grade,1,94,1856,0.05064655172413793
R4_large_3,Low-grade,2,156,1856,0.08405172413793104
R4_large_3,Low-grade,3,9,1856,0.004849137931034483
R4_large_3,Low-grade,4,727,1856,0.3917025862068966
R4_large_3,Low-grade,5,14,1856,0.007543103448275862
R4_large_3,Low-grade,6,3,1856,0.0016163793103448276
R4_large_3,Low-grade,7,15,1856,0.008081896551724138
R4_large_3,Low-grade,8,5,1856,0.0026939655172413795
R4_large_3,Normal,0,59,306,0.19281045751633988
R4_large_3,Normal,1,32,306,0.10457516339869281
R4_large_3,Normal,2,0,306,0
R4_large_3,Normal,3,87,306,0.28431372549019607
R4_large_3,Normal,4,37,306,0.12091503267973856
R4_large_3,Normal,5,28,306,0.0915032679738562
R4_large_3,Normal,6,54,306,0.17647058823529413
R4_large_3,Normal,7,7,306,0.02287581699346405
R4_large_3,Normal,8,2,306,0.006535947712418301
R4_large_4,Low-grade,0,20,456,0.043859649122807015
R4_large_4,Low-grade,1,78,456,0.17105263157894737
R4_large_4,Low-grade,2,206,456,0.4517543859649123
R4_large_4,Low-grade,3,6,456,0.013157894736842105
R4_large_4,Low-grade,4,41,456,0.08991228070175439
R4_large_4,Low-grade,5,10,456,0.021929824561403508
R4_large_4,Low-grade,6,2,456,0.0043859649122807015
R4_large_4,Low-grade,7,11,456,0.02412280701754386
R4_large_4,Low-grade,8,82,456,0.17982456140350878
R4_large_4,Normal,0,68,1428,0.047619047619047616
R4_large_4,Normal,1,407,1428,0.2850140056022409
R4_large_4,Normal,2,12,1428,0.008403361344537815
R4_large_4,Normal,3,425,1428,0.2976190476190476
R4_large_4,Normal,4,13,1428,0.009103641456582634
R4_large_4,Normal,5,56,1428,0.0392156862745098
R4_large_4,Normal,6,318,1428,0.22268907563025211
R4_large_4,Normal,7,33,1428,0.023109243697478993
R4_large_4,Normal,8,96,1428,0.06722689075630252
R4_large_5,Low-grade,0,33,174,0.1896551724137931
R4_large_5,Low-grade,1,4,174,0.022988505747126436
R4_large_5,Low-grade,2,75,174,0.43103448275862066
R4_large_5,Low-grade,3,6,174,0.034482758620689655
R4_large_5,Low-grade,4,44,174,0.25287356321839083
R4_large_5,Low-grade,5,0,174,0
R4_large_5,Low-grade,6,0,174,0
R4_large_5,Low-grade,7,5,174,0.028735632183908046
R4_large_5,Low-grade,8,7,174,0.040229885057471264
R4_large_5,Normal,0,22,380,0.05789473684210526
R4_large_5,Normal,1,15,380,0.039473684210526314
R4_large_5,Normal,2,3,380,0.007894736842105263
R4_large_5,Normal,3,147,380,0.3868421052631579
R4_large_5,Normal,4,9,380,0.02368421052631579
R4_large_5,Normal,5,9,380,0.02368421052631579
R4_large_5,Normal,6,151,380,0.3973684210526316
R4_large_5,Normal,7,21,380,0.05526315789473684
R4_large_5,Normal,8,3,380,0.007894736842105263
R4_small_1,Low-grade,0,3,59,0.05084745762711865
R4_small_1,Low-grade,1,5,59,0.0847457627118644
R4_small_1,Low-grade,2,0,59,0
R4_small_1,Low-grade,3,38,59,0.6440677966101694
R4_small_1,Low-grade,4,3,59,0.05084745762711865
R4_small_1,Low-grade,5,2,59,0.03389830508474576
R4_small_1,Low-grade,6,8,59,0.13559322033898305
R4_small_1,Low-grade,7,0,59,0
R4_small_1,Low-grade,8,0,59,0
R4_small_1,Normal,0,45,256,0.17578125
R4_small_1,Normal,1,62,256,0.2421875
R4_small_1,Normal,2,2,256,0.0078125
R4_small_1,Normal,3,74,256,0.2890625
R4_small_1,Normal,4,3,256,0.01171875
R4_small_1,Normal,5,29,256,0.11328125
R4_small_1,Normal,6,14,256,0.0546875
R4_small_1,Normal,7,24,256,0.09375
R4_small_1,Normal,8,3,256,0.01171875
R4_small_2,Low-grade,0,20,148,0.13513513513513514
R4_small_2,Low-grade,1,9,148,0.060810810810810814
R4_small_2,Low-grade,2,77,148,0.5202702702702703
R4_small_2,Low-grade,3,15,148,0.10135135135135136
R4_small_2,Low-grade,4,17,148,0.11486486486486487
R4_small_2,Low-grade,5,0,148,0
R4_small_2,Low-grade,6,3,148,0.02027027027027027
R4_small_2,Low-grade,7,4,148,0.02702702702702703
R4_small_2,Low-grade,8,3,148,0.02027027027027027
R4_small_2,Normal,0,31,310,0.1
R4_small_2,Normal,1,68,310,0.21935483870967742
R4_small_2,Normal,2,7,310,0.02258064516129032
R4_small_2,Normal,3,56,310,0.18064516129032257
R4_small_2,Normal,4,6,310,0.01935483870967742
R4_small_2,Normal,5,24,310,0.07741935483870968
R4_small_2,Normal,6,89,310,0.2870967741935484
R4_small_2,Normal,7,27,310,0.08709677419354839
R4_small_2,Normal,8,2,310,0.0064516129032258064
