Sample_ID,LargeSmall,combined_cluster,k,n,prop
Pilot_large_1,Large,0,288,2731,0.10545587696814354
Pilot_large_1,Large,1,677,2731,0.24789454412303186
Pilot_large_1,Large,2,1129,2731,0.4134016843647016
Pilot_large_1,Large,3,95,2731,0.03478579274990846
Pilot_large_1,Large,4,257,2731,0.0941047235444892
Pilot_large_1,Large,5,280,2731,0.10252654705236178
Pilot_large_1,Large,6,1,2731,3.661662394727206e-4
Pilot_large_1,Large,7,4,2731,0.0014646649578908824
Pilot_large_1,Large,8,0,2731,0
Pilot_large_2,Large,0,833,3841,0.21687060661286123
Pilot_large_2,Large,1,560,3841,0.1457953657901588
Pilot_large_2,Large,2,1169,3841,0.30434782608695654
Pilot_large_2,Large,3,116,3841,0.03020046862796147
Pilot_large_2,Large,4,760,3841,0.1978651392866441
Pilot_large_2,Large,5,367,3841,0.09554803436605051
Pilot_large_2,Large,6,11,3841,0.002863837542306691
Pilot_large_2,Large,7,25,3841,0.006508721687060661
Pilot_large_2,Large,8,0,3841,0
Pilot_small_1,Small,0,205,1322,0.1550680786686838
Pilot_small_1,Small,1,183,1322,0.13842662632375188
Pilot_small_1,Small,2,256,1322,0.19364599092284418
Pilot_small_1,Small,3,374,1322,0.28290468986384265
Pilot_small_1,Small,4,108,1322,0.08169440242057488
Pilot_small_1,Small,5,131,1322,0.09909228441754916
Pilot_small_1,Small,6,34,1322,0.025718608169440244
Pilot_small_1,Small,7,31,1322,0.023449319213313162
Pilot_small_1,Small,8,0,1322,0
R2_large_1,Large,0,129,1198,0.10767946577629382
R2_large_1,Large,1,300,1198,0.25041736227045075
R2_large_1,Large,2,47,1198,0.03923205342237062
R2_large_1,Large,3,85,1198,0.0709515859766277
R2_large_1,Large,4,197,1198,0.164440734557596
R2_large_1,Large,5,218,1198,0.18196994991652754
R2_large_1,Large,6,33,1198,0.027545909849749584
R2_large_1,Large,7,185,1198,0.15442404006677796
R2_large_1,Large,8,4,1198,0.00333889816360601
R2_large_2,Large,0,254,1790,0.1418994413407821
R2_large_2,Large,1,355,1790,0.19832402234636873
R2_large_2,Large,2,68,1790,0.03798882681564246
R2_large_2,Large,3,230,1790,0.12849162011173185
R2_large_2,Large,4,64,1790,0.035754189944134075
R2_large_2,Large,5,551,1790,0.3078212290502793
R2_large_2,Large,6,53,1790,0.029608938547486034
R2_large_2,Large,7,137,1790,0.07653631284916201
R2_large_2,Large,8,78,1790,0.04357541899441341
R2_small_1,Small,0,67,326,0.20552147239263804
R2_small_1,Small,1,13,326,0.03987730061349693
R2_small_1,Small,2,26,326,0.07975460122699386
R2_small_1,Small,3,106,326,0.32515337423312884
R2_small_1,Small,4,15,326,0.046012269938650305
R2_small_1,Small,5,17,326,0.05214723926380368
R2_small_1,Small,6,77,326,0.2361963190184049
R2_small_1,Small,7,4,326,0.012269938650306749
R2_small_1,Small,8,1,326,0.003067484662576687
R2_small_2,Small,0,26,592,0.04391891891891892
R2_small_2,Small,1,114,592,0.19256756756756757
R2_small_2,Small,2,41,592,0.06925675675675676
R2_small_2,Small,3,160,592,0.2702702702702703
R2_small_2,Small,4,22,592,0.037162162162162164
R2_small_2,Small,5,34,592,0.057432432432432436
R2_small_2,Small,6,107,592,0.18074324324324326
R2_small_2,Small,7,80,592,0.13513513513513514
R2_small_2,Small,8,8,592,0.013513513513513514
R3_large_1,Large,0,687,2592,0.2650462962962963
R3_large_1,Large,1,571,2592,0.22029320987654322
R3_large_1,Large,2,408,2592,0.1574074074074074
R3_large_1,Large,3,357,2592,0.13773148148148148
R3_large_1,Large,4,180,2592,0.06944444444444445
R3_large_1,Large,5,110,2592,0.04243827160493827
R3_large_1,Large,6,111,2592,0.04282407407407408
R3_large_1,Large,7,134,2592,0.05169753086419753
R3_large_1,Large,8,34,2592,0.013117283950617283
R3_large_2,Large,0,857,3506,0.24443810610382202
R3_large_2,Large,1,593,3506,0.16913861950941245
R3_large_2,Large,2,1155,3506,0.32943525385054195
R3_large_2,Large,3,61,3506,0.01739874500855676
R3_large_2,Large,4,178,3506,0.050770108385624645
R3_large_2,Large,5,427,3506,0.12179121505989732
R3_large_2,Large,6,24,3506,0.0068454078722190535
R3_large_2,Large,7,190,3506,0.05419281232173417
R3_large_2,Large,8,21,3506,0.005989731888191671
R3_large_3,Large,0,889,2684,0.3312220566318927
R3_large_3,Large,1,639,2684,0.2380774962742176
R3_large_3,Large,2,283,2684,0.10543964232488823
R3_large_3,Large,3,295,2684,0.10991058122205663
R3_large_3,Large,4,186,2684,0.06929955290611028
R3_large_3,Large,5,173,2684,0.06445603576751117
R3_large_3,Large,6,83,2684,0.030923994038748136
R3_large_3,Large,7,72,2684,0.026825633383010434
R3_large_3,Large,8,64,2684,0.02384500745156483
R3_large_4,Large,0,28,2061,0.013585638039786511
R3_large_4,Large,1,479,2061,0.2324114507520621
R3_large_4,Large,2,330,2061,0.16011644832605532
R3_large_4,Large,3,146,2061,0.07083939835031539
R3_large_4,Large,4,107,2061,0.051916545366327026
R3_large_4,Large,5,200,2061,0.09704027171276079
R3_large_4,Large,6,111,2061,0.053857350800582245
R3_large_4,Large,7,122,2061,0.059194565744784086
R3_large_4,Large,8,538,2061,0.26103833090732653
R3_large_5,Large,0,148,820,0.18048780487804877
R3_large_5,Large,1,105,820,0.12804878048780488
R3_large_5,Large,2,256,820,0.3121951219512195
R3_large_5,Large,3,64,820,0.07804878048780488
R3_large_5,Large,4,69,820,0.08414634146341464
R3_large_5,Large,5,44,820,0.05365853658536585
R3_large_5,Large,6,58,820,0.07073170731707316
R3_large_5,Large,7,50,820,0.06097560975609756
R3_large_5,Large,8,26,820,0.03170731707317073
R3_large_6,Large,0,84,992,0.0846774193548387
R3_large_6,Large,1,180,992,0.1814516129032258
R3_large_6,Large,2,347,992,0.3497983870967742
R3_large_6,Large,3,63,992,0.06350806451612903
R3_large_6,Large,4,55,992,0.055443548387096774
R3_large_6,Large,5,79,992,0.07963709677419355
R3_large_6,Large,6,111,992,0.11189516129032258
R3_large_6,Large,7,66,992,0.06653225806451613
R3_large_6,Large,8,7,992,0.007056451612903226
R3_large_7,Large,0,241,1137,0.2119613016710642
R3_large_7,Large,1,105,1137,0.09234828496042216
R3_large_7,Large,2,199,1137,0.17502198768689534
R3_large_7,Large,3,83,1137,0.07299912049252419
R3_large_7,Large,4,148,1137,0.13016710642040458
R3_large_7,Large,5,56,1137,0.04925241864555849
R3_large_7,Large,6,115,1137,0.1011433597185576
R3_large_7,Large,7,71,1137,0.06244503078276165
R3_large_7,Large,8,119,1137,0.10466138962181179
R3_small_1,Small,0,111,824,0.13470873786407767
R3_small_1,Small,1,202,824,0.24514563106796117
R3_small_1,Small,2,167,824,0.20266990291262135
R3_small_1,Small,3,71,824,0.08616504854368932
R3_small_1,Small,4,52,824,0.06310679611650485
R3_small_1,Small,5,72,824,0.08737864077669903
R3_small_1,Small,6,64,824,0.07766990291262135
R3_small_1,Small,7,83,824,0.10072815533980582
R3_small_1,Small,8,2,824,0.0024271844660194173
R4_large_1,Large,0,85,1547,0.054945054945054944
R4_large_1,Large,1,441,1547,0.2850678733031674
R4_large_1,Large,2,129,1547,0.08338720103425985
R4_large_1,Large,3,222,1547,0.14350355526826114
R4_large_1,Large,4,33,1547,0.021331609566903685
R4_large_1,Large,5,135,1547,0.08726567550096961
R4_large_1,Large,6,194,1547,0.12540400775694893
R4_large_1,Large,7,159,1547,0.10277957336780866
R4_large_1,Large,8,149,1547,0.09631544925662573
R4_large_2,Large,0,549,2211,0.24830393487109906
R4_large_2,Large,1,368,2211,0.16644052464947987
R4_large_2,Large,2,220,2211,0.09950248756218906
R4_large_2,Large,3,157,2211,0.0710085933966531
R4_large_2,Large,4,588,2211,0.26594301221166894
R4_large_2,Large,5,69,2211,0.031207598371777476
R4_large_2,Large,6,37,2211,0.016734509271822705
R4_large_2,Large,7,161,2211,0.07281772953414745
R4_large_2,Large,8,62,2211,0.02804161013116237
R4_large_3,Large,0,904,2260,0.4
R4_large_3,Large,1,137,2260,0.060619469026548675
R4_large_3,Large,2,156,2260,0.06902654867256637
R4_large_3,Large,3,98,2260,0.04336283185840708
R4_large_3,Large,4,830,2260,0.3672566371681416
R4_large_3,Large,5,46,2260,0.020353982300884955
R4_large_3,Large,6,58,2260,0.02566371681415929
R4_large_3,Large,7,24,2260,0.010619469026548672
R4_large_3,Large,8,7,2260,0.003097345132743363
R4_large_4,Large,0,93,2146,0.043336439888164026
R4_large_4,Large,1,511,2146,0.2381174277726002
R4_large_4,Large,2,220,2146,0.10251630941286113
R4_large_4,Large,3,439,2146,0.20456663560111835
R4_large_4,Large,4,55,2146,0.025629077353215284
R4_large_4,Large,5,204,2146,0.09506057781919851
R4_large_4,Large,6,321,2146,0.14958061509785647
R4_large_4,Large,7,120,2146,0.05591798695246971
R4_large_4,Large,8,183,2146,0.08527493010251631
R4_large_5,Large,0,55,574,0.09581881533101046
R4_large_5,Large,1,19,574,0.033101045296167246
R4_large_5,Large,2,78,574,0.13588850174216027
R4_large_5,Large,3,158,574,0.27526132404181186
R4_large_5,Large,4,53,574,0.09233449477351917
R4_large_5,Large,5,23,574,0.04006968641114982
R4_large_5,Large,6,152,574,0.26480836236933797
R4_large_5,Large,7,26,574,0.04529616724738676
R4_large_5,Large,8,10,574,0.017421602787456445
R4_small_1,Small,0,48,317,0.15141955835962145
R4_small_1,Small,1,68,317,0.21451104100946372
R4_small_1,Small,2,3,317,0.00946372239747634
R4_small_1,Small,3,112,317,0.35331230283911674
R4_small_1,Small,4,6,317,0.01892744479495268
R4_small_1,Small,5,31,317,0.09779179810725552
R4_small_1,Small,6,22,317,0.0694006309148265
R4_small_1,Small,7,24,317,0.07570977917981073
R4_small_1,Small,8,3,317,0.00946372239747634
R4_small_2,Small,0,51,459,0.1111111111111111
R4_small_2,Small,1,77,459,0.16775599128540306
R4_small_2,Small,2,84,459,0.1830065359477124
R4_small_2,Small,3,71,459,0.15468409586056645
R4_small_2,Small,4,23,459,0.05010893246187364
R4_small_2,Small,5,24,459,0.05228758169934641
R4_small_2,Small,6,93,459,0.20261437908496732
R4_small_2,Small,7,31,459,0.06753812636165578
R4_small_2,Small,8,5,459,0.010893246187363835
