Sample_ID,Adenoma,Cluster_Moran_GDF15_Senepy,k,n,prop
Pilot_large_1,Low-grade,High-High,618,1063,0.58137347130762
Pilot_large_1,Low-grade,High-Low,130,1063,0.12229539040451552
Pilot_large_1,Low-grade,Low-High,202,1063,0.19002822201317027
Pilot_large_1,Low-grade,Low-Low,113,1063,0.10630291627469426
Pilot_large_1,Normal,High-High,0,377,0
Pilot_large_1,Normal,High-Low,66,377,0.17506631299734748
Pilot_large_1,Normal,Low-High,0,377,0
Pilot_large_1,Normal,Low-Low,311,377,0.8249336870026526
Pilot_large_2,Low-grade,High-High,887,1452,0.6108815426997245
Pilot_large_2,Low-grade,High-Low,97,1452,0.06680440771349862
Pilot_large_2,Low-grade,Low-High,323,1452,0.22245179063360881
Pilot_large_2,Low-grade,Low-Low,145,1452,0.09986225895316804
Pilot_large_2,Normal,High-High,0,321,0
Pilot_large_2,Normal,High-Low,74,321,0.23052959501557632
Pilot_large_2,Normal,Low-High,0,321,0
Pilot_large_2,Normal,Low-Low,247,321,0.7694704049844237
Pilot_small_1,Low-grade,High-High,172,234,0.7350427350427351
Pilot_small_1,Low-grade,High-Low,3,234,0.01282051282051282
Pilot_small_1,Low-grade,Low-High,58,234,0.24786324786324787
Pilot_small_1,Low-grade,Low-Low,1,234,0.004273504273504274
Pilot_small_1,Normal,High-High,30,200,0.15
Pilot_small_1,Normal,High-Low,25,200,0.125
Pilot_small_1,Normal,Low-High,46,200,0.23
Pilot_small_1,Normal,Low-Low,99,200,0.495
R2_large_1,Low-grade,High-High,123,252,0.4880952380952381
R2_large_1,Low-grade,High-Low,1,252,0.003968253968253968
R2_large_1,Low-grade,Low-High,108,252,0.42857142857142855
R2_large_1,Low-grade,Low-Low,20,252,0.07936507936507936
R2_large_1,Normal,High-High,6,54,0.1111111111111111
R2_large_1,Normal,High-Low,0,54,0
R2_large_1,Normal,Low-High,39,54,0.7222222222222222
R2_large_1,Normal,Low-Low,9,54,0.16666666666666666
R2_large_2,Low-grade,High-High,27,174,0.15517241379310345
R2_large_2,Low-grade,High-Low,3,174,0.017241379310344827
R2_large_2,Low-grade,Low-High,72,174,0.41379310344827586
R2_large_2,Low-grade,Low-Low,72,174,0.41379310344827586
R2_large_2,Normal,High-High,12,416,0.028846153846153848
R2_large_2,Normal,High-Low,6,416,0.014423076923076924
R2_large_2,Normal,Low-High,231,416,0.5552884615384616
R2_large_2,Normal,Low-Low,167,416,0.4014423076923077
R2_small_1,Low-grade,High-High,8,23,0.34782608695652173
R2_small_1,Low-grade,High-Low,0,23,0
R2_small_1,Low-grade,Low-High,15,23,0.6521739130434783
R2_small_1,Low-grade,Low-Low,0,23,0
R2_small_1,Normal,High-High,13,97,0.13402061855670103
R2_small_1,Normal,High-Low,17,97,0.17525773195876287
R2_small_1,Normal,Low-High,35,97,0.36082474226804123
R2_small_1,Normal,Low-Low,32,97,0.32989690721649484
R2_small_2,Low-grade,High-High,9,22,0.4090909090909091
R2_small_2,Low-grade,High-Low,0,22,0
R2_small_2,Low-grade,Low-High,12,22,0.5454545454545454
R2_small_2,Low-grade,Low-Low,1,22,0.045454545454545456
R2_small_2,Normal,High-High,12,127,0.09448818897637795
R2_small_2,Normal,High-Low,1,127,0.007874015748031496
R2_small_2,Normal,Low-High,93,127,0.7322834645669292
R2_small_2,Normal,Low-Low,21,127,0.16535433070866143
R3_large_1,Low-grade,High-High,333,517,0.6441005802707931
R3_large_1,Low-grade,High-Low,1,517,0.0019342359767891683
R3_large_1,Low-grade,Low-High,158,517,0.3056092843326886
R3_large_1,Low-grade,Low-Low,25,517,0.048355899419729204
R3_large_1,Normal,High-High,21,637,0.03296703296703297
R3_large_1,Normal,High-Low,30,637,0.04709576138147567
R3_large_1,Normal,Low-High,86,637,0.13500784929356358
R3_large_1,Normal,Low-Low,500,637,0.7849293563579278
R3_large_2,Low-grade,High-High,479,1425,0.33614035087719296
R3_large_2,Low-grade,High-Low,130,1425,0.0912280701754386
R3_large_2,Low-grade,Low-High,349,1425,0.2449122807017544
R3_large_2,Low-grade,Low-Low,467,1425,0.327719298245614
R3_large_2,Normal,High-High,0,39,0
R3_large_2,Normal,High-Low,5,39,0.1282051282051282
R3_large_2,Normal,Low-High,0,39,0
R3_large_2,Normal,Low-Low,34,39,0.8717948717948718
R3_large_3,Low-grade,High-High,260,442,0.5882352941176471
R3_large_3,Low-grade,High-Low,1,442,0.0022624434389140274
R3_large_3,Low-grade,Low-High,156,442,0.35294117647058826
R3_large_3,Low-grade,Low-Low,25,442,0.05656108597285068
R3_large_3,Normal,High-High,11,547,0.02010968921389397
R3_large_3,Normal,High-Low,14,547,0.025594149908592323
R3_large_3,Normal,Low-High,113,547,0.20658135283363802
R3_large_3,Normal,Low-Low,409,547,0.7477148080438757
R3_large_4,Low-grade,High-High,152,445,0.3415730337078652
R3_large_4,Low-grade,High-Low,6,445,0.01348314606741573
R3_large_4,Low-grade,Low-High,254,445,0.5707865168539326
R3_large_4,Low-grade,Low-Low,33,445,0.07415730337078652
R3_large_4,Normal,High-High,12,316,0.0379746835443038
R3_large_4,Normal,High-Low,13,316,0.04113924050632911
R3_large_4,Normal,Low-High,84,316,0.26582278481012656
R3_large_4,Normal,Low-Low,207,316,0.6550632911392406
R3_large_5,Low-grade,High-High,96,169,0.5680473372781065
R3_large_5,Low-grade,High-Low,2,169,0.011834319526627219
R3_large_5,Low-grade,Low-High,53,169,0.3136094674556213
R3_large_5,Low-grade,Low-Low,18,169,0.10650887573964497
R3_large_5,Normal,High-High,7,203,0.034482758620689655
R3_large_5,Normal,High-Low,14,203,0.06896551724137931
R3_large_5,Normal,Low-High,57,203,0.28078817733990147
R3_large_5,Normal,Low-Low,125,203,0.6157635467980296
R3_large_6,Low-grade,High-High,125,254,0.4921259842519685
R3_large_6,Low-grade,High-Low,8,254,0.031496062992125984
R3_large_6,Low-grade,Low-High,96,254,0.3779527559055118
R3_large_6,Low-grade,Low-Low,25,254,0.0984251968503937
R3_large_6,Normal,High-High,0,99,0
R3_large_6,Normal,High-Low,14,99,0.1414141414141414
R3_large_6,Normal,Low-High,4,99,0.04040404040404041
R3_large_6,Normal,Low-Low,81,99,0.8181818181818182
R3_large_7,Low-grade,High-High,142,364,0.3901098901098901
R3_large_7,Low-grade,High-Low,23,364,0.06318681318681318
R3_large_7,Low-grade,Low-High,121,364,0.3324175824175824
R3_large_7,Low-grade,Low-Low,78,364,0.21428571428571427
R3_large_7,Normal,High-High,6,128,0.046875
R3_large_7,Normal,High-Low,14,128,0.109375
R3_large_7,Normal,Low-High,23,128,0.1796875
R3_large_7,Normal,Low-Low,85,128,0.6640625
R3_small_1,Low-grade,High-High,77,331,0.2326283987915408
R3_small_1,Low-grade,High-Low,7,331,0.021148036253776436
R3_small_1,Low-grade,Low-High,92,331,0.27794561933534745
R3_small_1,Low-grade,Low-Low,155,331,0.46827794561933533
R3_small_1,Normal,High-High,1,52,0.019230769230769232
R3_small_1,Normal,High-Low,0,52,0
R3_small_1,Normal,Low-High,19,52,0.36538461538461536
R3_small_1,Normal,Low-Low,32,52,0.6153846153846154
R4_large_1,Low-grade,High-High,135,202,0.6683168316831684
R4_large_1,Low-grade,High-Low,2,202,0.009900990099009901
R4_large_1,Low-grade,Low-High,27,202,0.13366336633663367
R4_large_1,Low-grade,Low-Low,38,202,0.18811881188118812
R4_large_1,Normal,High-High,22,351,0.06267806267806268
R4_large_1,Normal,High-Low,4,351,0.011396011396011397
R4_large_1,Normal,Low-High,163,351,0.46438746438746437
R4_large_1,Normal,Low-Low,162,351,0.46153846153846156
R4_large_2,Low-grade,High-High,334,770,0.43376623376623374
R4_large_2,Low-grade,High-Low,25,770,0.032467532467532464
R4_large_2,Low-grade,Low-High,245,770,0.3181818181818182
R4_large_2,Low-grade,Low-Low,166,770,0.21558441558441557
R4_large_2,Normal,High-High,1,410,0.0024390243902439024
R4_large_2,Normal,High-Low,16,410,0.03902439024390244
R4_large_2,Normal,Low-High,11,410,0.026829268292682926
R4_large_2,Normal,Low-Low,382,410,0.9317073170731708
R4_large_3,Low-grade,High-High,259,864,0.29976851851851855
R4_large_3,Low-grade,High-Low,138,864,0.1597222222222222
R4_large_3,Low-grade,Low-High,256,864,0.2962962962962963
R4_large_3,Low-grade,Low-Low,211,864,0.24421296296296297
R4_large_3,Normal,High-High,4,189,0.021164021164021163
R4_large_3,Normal,High-Low,28,189,0.14814814814814814
R4_large_3,Normal,Low-High,15,189,0.07936507936507936
R4_large_3,Normal,Low-Low,142,189,0.7513227513227513
R4_large_4,Low-grade,High-High,137,272,0.5036764705882353
R4_large_4,Low-grade,High-Low,6,272,0.022058823529411766
R4_large_4,Low-grade,Low-High,62,272,0.22794117647058823
R4_large_4,Low-grade,Low-Low,67,272,0.24632352941176472
R4_large_4,Normal,High-High,36,646,0.05572755417956656
R4_large_4,Normal,High-Low,10,646,0.015479876160990712
R4_large_4,Normal,Low-High,258,646,0.3993808049535604
R4_large_4,Normal,Low-Low,342,646,0.5294117647058824
R4_large_5,Low-grade,High-High,17,73,0.2328767123287671
R4_large_5,Low-grade,High-Low,22,73,0.3013698630136986
R4_large_5,Low-grade,Low-High,2,73,0.0273972602739726
R4_large_5,Low-grade,Low-Low,32,73,0.4383561643835616
R4_large_5,Normal,High-High,27,175,0.15428571428571428
R4_large_5,Normal,High-Low,7,175,0.04
R4_large_5,Normal,Low-High,95,175,0.5428571428571428
R4_large_5,Normal,Low-Low,46,175,0.26285714285714284
R4_small_1,Low-grade,High-High,1,15,0.06666666666666667
R4_small_1,Low-grade,High-Low,0,15,0
R4_small_1,Low-grade,Low-High,14,15,0.9333333333333333
R4_small_1,Low-grade,Low-Low,0,15,0
R4_small_1,Normal,High-High,3,95,0.031578947368421054
R4_small_1,Normal,High-Low,0,95,0
R4_small_1,Normal,Low-High,23,95,0.24210526315789474
R4_small_1,Normal,Low-Low,69,95,0.7263157894736842
R4_small_2,Low-grade,High-High,8,49,0.16326530612244897
R4_small_2,Low-grade,High-Low,1,49,0.02040816326530612
R4_small_2,Low-grade,Low-High,28,49,0.5714285714285714
R4_small_2,Low-grade,Low-Low,12,49,0.24489795918367346
R4_small_2,Normal,High-High,3,184,0.016304347826086956
R4_small_2,Normal,High-Low,2,184,0.010869565217391304
R4_small_2,Normal,Low-High,67,184,0.3641304347826087
R4_small_2,Normal,Low-Low,112,184,0.6086956521739131
