Sample_ID,Adenoma,Cluster_Moran_Senepy_Stem_Signature,k,n,prop
Pilot_large_1,Low-grade,High-High,636,1026,0.6198830409356725
Pilot_large_1,Low-grade,High-Low,23,1026,0.022417153996101363
Pilot_large_1,Low-grade,Low-High,190,1026,0.18518518518518517
Pilot_large_1,Low-grade,Low-Low,177,1026,0.17251461988304093
Pilot_large_1,Normal,High-High,0,377,0
Pilot_large_1,Normal,High-Low,18,377,0.04774535809018567
Pilot_large_1,Normal,Low-High,0,377,0
Pilot_large_1,Normal,Low-Low,359,377,0.9522546419098143
Pilot_large_2,Low-grade,High-High,776,1387,0.5594808940158615
Pilot_large_2,Low-grade,High-Low,22,1387,0.015861571737563085
Pilot_large_2,Low-grade,Low-High,415,1387,0.29920692141312183
Pilot_large_2,Low-grade,Low-Low,174,1387,0.1254506128334535
Pilot_large_2,Normal,High-High,0,328,0
Pilot_large_2,Normal,High-Low,22,328,0.06707317073170732
Pilot_large_2,Normal,Low-High,0,328,0
Pilot_large_2,Normal,Low-Low,306,328,0.9329268292682927
Pilot_small_1,Low-grade,High-High,200,256,0.78125
Pilot_small_1,Low-grade,High-Low,1,256,0.00390625
Pilot_small_1,Low-grade,Low-High,54,256,0.2109375
Pilot_small_1,Low-grade,Low-Low,1,256,0.00390625
Pilot_small_1,Normal,High-High,24,249,0.0963855421686747
Pilot_small_1,Normal,High-Low,102,249,0.40963855421686746
Pilot_small_1,Normal,Low-High,10,249,0.040160642570281124
Pilot_small_1,Normal,Low-Low,113,249,0.4538152610441767
R2_large_1,Low-grade,High-High,244,288,0.8472222222222222
R2_large_1,Low-grade,High-Low,0,288,0
R2_large_1,Low-grade,Low-High,41,288,0.1423611111111111
R2_large_1,Low-grade,Low-Low,3,288,0.010416666666666666
R2_large_1,Normal,High-High,8,8,1
R2_large_1,Normal,High-Low,0,8,0
R2_large_1,Normal,Low-High,0,8,0
R2_large_1,Normal,Low-Low,0,8,0
R2_large_2,Low-grade,High-High,114,151,0.7549668874172185
R2_large_2,Low-grade,High-Low,0,151,0
R2_large_2,Low-grade,Low-High,28,151,0.18543046357615894
R2_large_2,Low-grade,Low-Low,9,151,0.059602649006622516
R2_large_2,Normal,High-High,69,206,0.33495145631067963
R2_large_2,Normal,High-Low,28,206,0.13592233009708737
R2_large_2,Normal,Low-High,48,206,0.23300970873786409
R2_large_2,Normal,Low-Low,61,206,0.2961165048543689
R2_small_1,Low-grade,High-High,11,22,0.5
R2_small_1,Low-grade,High-Low,0,22,0
R2_small_1,Low-grade,Low-High,11,22,0.5
R2_small_1,Low-grade,Low-Low,0,22,0
R2_small_1,Normal,High-High,13,105,0.12380952380952381
R2_small_1,Normal,High-Low,45,105,0.42857142857142855
R2_small_1,Normal,Low-High,25,105,0.23809523809523808
R2_small_1,Normal,Low-Low,22,105,0.20952380952380953
R2_small_2,Low-grade,High-High,35,60,0.5833333333333334
R2_small_2,Low-grade,High-Low,7,60,0.11666666666666667
R2_small_2,Low-grade,Low-High,17,60,0.2833333333333333
R2_small_2,Low-grade,Low-Low,1,60,0.016666666666666666
R2_small_2,Normal,High-High,6,108,0.05555555555555555
R2_small_2,Normal,High-Low,69,108,0.6388888888888888
R2_small_2,Normal,Low-High,14,108,0.12962962962962962
R2_small_2,Normal,Low-Low,19,108,0.17592592592592593
R3_large_1,Low-grade,High-High,493,593,0.8313659359190556
R3_large_1,Low-grade,High-Low,0,593,0
R3_large_1,Low-grade,Low-High,100,593,0.16863406408094436
R3_large_1,Low-grade,Low-Low,0,593,0
R3_large_1,Normal,High-High,36,497,0.07243460764587525
R3_large_1,Normal,High-Low,242,497,0.4869215291750503
R3_large_1,Normal,Low-High,8,497,0.01609657947686117
R3_large_1,Normal,Low-Low,211,497,0.4245472837022133
R3_large_2,Low-grade,High-High,744,1335,0.5573033707865168
R3_large_2,Low-grade,High-Low,88,1335,0.06591760299625468
R3_large_2,Low-grade,Low-High,203,1335,0.15205992509363295
R3_large_2,Low-grade,Low-Low,300,1335,0.2247191011235955
R3_large_2,Normal,High-High,0,52,0
R3_large_2,Normal,High-Low,11,52,0.21153846153846154
R3_large_2,Normal,Low-High,0,52,0
R3_large_2,Normal,Low-Low,41,52,0.7884615384615384
R3_large_3,Low-grade,High-High,455,510,0.8921568627450981
R3_large_3,Low-grade,High-Low,1,510,0.00196078431372549
R3_large_3,Low-grade,Low-High,54,510,0.10588235294117647
R3_large_3,Low-grade,Low-Low,0,510,0
R3_large_3,Normal,High-High,11,354,0.031073446327683617
R3_large_3,Normal,High-Low,212,354,0.5988700564971752
R3_large_3,Normal,Low-High,7,354,0.01977401129943503
R3_large_3,Normal,Low-Low,124,354,0.3502824858757062
R3_large_4,Low-grade,High-High,387,474,0.8164556962025317
R3_large_4,Low-grade,High-Low,3,474,0.006329113924050633
R3_large_4,Low-grade,Low-High,79,474,0.16666666666666666
R3_large_4,Low-grade,Low-Low,5,474,0.010548523206751054
R3_large_4,Normal,High-High,21,226,0.09292035398230089
R3_large_4,Normal,High-Low,98,226,0.4336283185840708
R3_large_4,Normal,Low-High,2,226,0.008849557522123894
R3_large_4,Normal,Low-Low,105,226,0.4646017699115044
R3_large_5,Low-grade,High-High,166,217,0.7649769585253456
R3_large_5,Low-grade,High-Low,7,217,0.03225806451612903
R3_large_5,Low-grade,Low-High,43,217,0.19815668202764977
R3_large_5,Low-grade,Low-Low,1,217,0.004608294930875576
R3_large_5,Normal,High-High,1,188,0.005319148936170213
R3_large_5,Normal,High-Low,76,188,0.40425531914893614
R3_large_5,Normal,Low-High,0,188,0
R3_large_5,Normal,Low-Low,111,188,0.5904255319148937
R3_large_6,Low-grade,High-High,176,260,0.676923076923077
R3_large_6,Low-grade,High-Low,5,260,0.019230769230769232
R3_large_6,Low-grade,Low-High,71,260,0.27307692307692305
R3_large_6,Low-grade,Low-Low,8,260,0.03076923076923077
R3_large_6,Normal,High-High,1,132,0.007575757575757576
R3_large_6,Normal,High-Low,60,132,0.45454545454545453
R3_large_6,Normal,Low-High,2,132,0.015151515151515152
R3_large_6,Normal,Low-Low,69,132,0.5227272727272727
R3_large_7,Low-grade,High-High,211,338,0.6242603550295858
R3_large_7,Low-grade,High-Low,33,338,0.09763313609467456
R3_large_7,Low-grade,Low-High,83,338,0.2455621301775148
R3_large_7,Low-grade,Low-Low,11,338,0.03254437869822485
R3_large_7,Normal,High-High,5,165,0.030303030303030304
R3_large_7,Normal,High-Low,54,165,0.32727272727272727
R3_large_7,Normal,Low-High,2,165,0.012121212121212121
R3_large_7,Normal,Low-Low,104,165,0.6303030303030303
R3_small_1,Low-grade,High-High,133,290,0.4586206896551724
R3_small_1,Low-grade,High-Low,43,290,0.1482758620689655
R3_small_1,Low-grade,Low-High,40,290,0.13793103448275862
R3_small_1,Low-grade,Low-Low,74,290,0.25517241379310346
R3_small_1,Normal,High-High,0,77,0
R3_small_1,Normal,High-Low,28,77,0.36363636363636365
R3_small_1,Normal,Low-High,0,77,0
R3_small_1,Normal,Low-Low,49,77,0.6363636363636364
R4_large_1,Low-grade,High-High,220,259,0.8494208494208494
R4_large_1,Low-grade,High-Low,0,259,0
R4_large_1,Low-grade,Low-High,38,259,0.14671814671814673
R4_large_1,Low-grade,Low-Low,1,259,0.003861003861003861
R4_large_1,Normal,High-High,0,167,0
R4_large_1,Normal,High-Low,63,167,0.3772455089820359
R4_large_1,Normal,Low-High,1,167,0.005988023952095809
R4_large_1,Normal,Low-Low,103,167,0.6167664670658682
R4_large_2,Low-grade,High-High,490,590,0.8305084745762712
R4_large_2,Low-grade,High-Low,25,590,0.0423728813559322
R4_large_2,Low-grade,Low-High,45,590,0.07627118644067797
R4_large_2,Low-grade,Low-Low,30,590,0.05084745762711865
R4_large_2,Normal,High-High,0,406,0
R4_large_2,Normal,High-Low,60,406,0.1477832512315271
R4_large_2,Normal,Low-High,0,406,0
R4_large_2,Normal,Low-Low,346,406,0.8522167487684729
R4_large_3,Low-grade,High-High,221,521,0.42418426103646834
R4_large_3,Low-grade,High-Low,36,521,0.0690978886756238
R4_large_3,Low-grade,Low-High,207,521,0.39731285988483683
R4_large_3,Low-grade,Low-Low,57,521,0.10940499040307101
R4_large_3,Normal,High-High,1,250,0.004
R4_large_3,Normal,High-Low,93,250,0.372
R4_large_3,Normal,Low-High,0,250,0
R4_large_3,Normal,Low-Low,156,250,0.624
R4_large_4,Low-grade,High-High,250,326,0.7668711656441718
R4_large_4,Low-grade,High-Low,0,326,0
R4_large_4,Low-grade,Low-High,75,326,0.23006134969325154
R4_large_4,Low-grade,Low-Low,1,326,0.003067484662576687
R4_large_4,Normal,High-High,8,330,0.024242424242424242
R4_large_4,Normal,High-Low,201,330,0.6090909090909091
R4_large_4,Normal,Low-High,14,330,0.04242424242424243
R4_large_4,Normal,Low-Low,107,330,0.3242424242424242
R4_large_5,Low-grade,High-High,82,133,0.6165413533834586
R4_large_5,Low-grade,High-Low,0,133,0
R4_large_5,Low-grade,Low-High,51,133,0.38345864661654133
R4_large_5,Low-grade,Low-Low,0,133,0
R4_large_5,Normal,High-High,1,198,0.005050505050505051
R4_large_5,Normal,High-Low,139,198,0.702020202020202
R4_large_5,Normal,Low-High,3,198,0.015151515151515152
R4_large_5,Normal,Low-Low,55,198,0.2777777777777778
R4_small_1,Low-grade,High-High,3,5,0.6
R4_small_1,Low-grade,High-Low,0,5,0
R4_small_1,Low-grade,Low-High,1,5,0.2
R4_small_1,Low-grade,Low-Low,1,5,0.2
R4_small_1,Normal,High-High,5,39,0.1282051282051282
R4_small_1,Normal,High-Low,10,39,0.2564102564102564
R4_small_1,Normal,Low-High,6,39,0.15384615384615385
R4_small_1,Normal,Low-Low,18,39,0.46153846153846156
R4_small_2,Low-grade,High-High,59,80,0.7375
R4_small_2,Low-grade,High-Low,3,80,0.0375
R4_small_2,Low-grade,Low-High,18,80,0.225
R4_small_2,Low-grade,Low-Low,0,80,0
R4_small_2,Normal,High-High,2,86,0.023255813953488372
R4_small_2,Normal,High-Low,51,86,0.5930232558139535
R4_small_2,Normal,Low-High,1,86,0.011627906976744186
R4_small_2,Normal,Low-Low,32,86,0.37209302325581395
