Sample_ID,Adenoma,Cluster_Moran_GDF15_Stem_Signature,k,n,prop
Pilot_large_1,Low-grade,High-High,617,1026,0.601364522417154
Pilot_large_1,Low-grade,High-Low,96,1026,0.0935672514619883
Pilot_large_1,Low-grade,Low-High,209,1026,0.2037037037037037
Pilot_large_1,Low-grade,Low-Low,104,1026,0.10136452241715399
Pilot_large_1,Normal,High-High,0,377,0
Pilot_large_1,Normal,High-Low,68,377,0.18037135278514588
Pilot_large_1,Normal,Low-High,0,377,0
Pilot_large_1,Normal,Low-Low,309,377,0.8196286472148541
Pilot_large_2,Low-grade,High-High,856,1387,0.6171593366979091
Pilot_large_2,Low-grade,High-Low,67,1387,0.04830569574621485
Pilot_large_2,Low-grade,Low-High,335,1387,0.24152847873107425
Pilot_large_2,Low-grade,Low-Low,129,1387,0.09300648882480173
Pilot_large_2,Normal,High-High,0,328,0
Pilot_large_2,Normal,High-Low,72,328,0.21951219512195122
Pilot_large_2,Normal,Low-High,0,328,0
Pilot_large_2,Normal,Low-Low,256,328,0.7804878048780488
Pilot_small_1,Low-grade,High-High,186,256,0.7265625
Pilot_small_1,Low-grade,High-Low,1,256,0.00390625
Pilot_small_1,Low-grade,Low-High,68,256,0.265625
Pilot_small_1,Low-grade,Low-Low,1,256,0.00390625
Pilot_small_1,Normal,High-High,18,249,0.07228915662650602
Pilot_small_1,Normal,High-Low,47,249,0.18875502008032127
Pilot_small_1,Normal,Low-High,16,249,0.0642570281124498
Pilot_small_1,Normal,Low-Low,168,249,0.6746987951807228
R2_large_1,Low-grade,High-High,139,288,0.4826388888888889
R2_large_1,Low-grade,High-Low,0,288,0
R2_large_1,Low-grade,Low-High,146,288,0.5069444444444444
R2_large_1,Low-grade,Low-Low,3,288,0.010416666666666666
R2_large_1,Normal,High-High,2,8,0.25
R2_large_1,Normal,High-Low,0,8,0
R2_large_1,Normal,Low-High,6,8,0.75
R2_large_1,Normal,Low-Low,0,8,0
R2_large_2,Low-grade,High-High,31,151,0.2052980132450331
R2_large_2,Low-grade,High-Low,1,151,0.006622516556291391
R2_large_2,Low-grade,Low-High,111,151,0.7350993377483444
R2_large_2,Low-grade,Low-Low,8,151,0.052980132450331126
R2_large_2,Normal,High-High,17,206,0.0825242718446602
R2_large_2,Normal,High-Low,3,206,0.014563106796116505
R2_large_2,Normal,Low-High,100,206,0.4854368932038835
R2_large_2,Normal,Low-Low,86,206,0.4174757281553398
R2_small_1,Low-grade,High-High,10,22,0.45454545454545453
R2_small_1,Low-grade,High-Low,0,22,0
R2_small_1,Low-grade,Low-High,12,22,0.5454545454545454
R2_small_1,Low-grade,Low-Low,0,22,0
R2_small_1,Normal,High-High,26,105,0.24761904761904763
R2_small_1,Normal,High-Low,10,105,0.09523809523809523
R2_small_1,Normal,Low-High,12,105,0.11428571428571428
R2_small_1,Normal,Low-Low,57,105,0.5428571428571428
R2_small_2,Low-grade,High-High,22,60,0.36666666666666664
R2_small_2,Low-grade,High-Low,1,60,0.016666666666666666
R2_small_2,Low-grade,Low-High,30,60,0.5
R2_small_2,Low-grade,Low-Low,7,60,0.11666666666666667
R2_small_2,Normal,High-High,3,108,0.027777777777777776
R2_small_2,Normal,High-Low,7,108,0.06481481481481481
R2_small_2,Normal,Low-High,17,108,0.1574074074074074
R2_small_2,Normal,Low-Low,81,108,0.75
R3_large_1,Low-grade,High-High,375,593,0.6323777403035413
R3_large_1,Low-grade,High-Low,0,593,0
R3_large_1,Low-grade,Low-High,218,593,0.3676222596964587
R3_large_1,Low-grade,Low-Low,0,593,0
R3_large_1,Normal,High-High,20,497,0.04024144869215292
R3_large_1,Normal,High-Low,28,497,0.056338028169014086
R3_large_1,Normal,Low-High,24,497,0.0482897384305835
R3_large_1,Normal,Low-Low,425,497,0.8551307847082495
R3_large_2,Low-grade,High-High,532,1335,0.398501872659176
R3_large_2,Low-grade,High-Low,69,1335,0.051685393258426963
R3_large_2,Low-grade,Low-High,415,1335,0.31086142322097376
R3_large_2,Low-grade,Low-Low,319,1335,0.2389513108614232
R3_large_2,Normal,High-High,0,52,0
R3_large_2,Normal,High-Low,8,52,0.15384615384615385
R3_large_2,Normal,Low-High,0,52,0
R3_large_2,Normal,Low-Low,44,52,0.8461538461538461
R3_large_3,Low-grade,High-High,278,510,0.5450980392156862
R3_large_3,Low-grade,High-Low,0,510,0
R3_large_3,Low-grade,Low-High,231,510,0.45294117647058824
R3_large_3,Low-grade,Low-Low,1,510,0.00196078431372549
R3_large_3,Normal,High-High,4,354,0.011299435028248588
R3_large_3,Normal,High-Low,13,354,0.03672316384180791
R3_large_3,Normal,Low-High,14,354,0.03954802259887006
R3_large_3,Normal,Low-Low,323,354,0.9124293785310734
R3_large_4,Low-grade,High-High,163,474,0.3438818565400844
R3_large_4,Low-grade,High-Low,1,474,0.002109704641350211
R3_large_4,Low-grade,Low-High,303,474,0.6392405063291139
R3_large_4,Low-grade,Low-Low,7,474,0.014767932489451477
R3_large_4,Normal,High-High,8,226,0.035398230088495575
R3_large_4,Normal,High-Low,15,226,0.06637168141592921
R3_large_4,Normal,Low-High,15,226,0.06637168141592921
R3_large_4,Normal,Low-Low,188,226,0.831858407079646
R3_large_5,Low-grade,High-High,129,217,0.5944700460829493
R3_large_5,Low-grade,High-Low,0,217,0
R3_large_5,Low-grade,Low-High,80,217,0.3686635944700461
R3_large_5,Low-grade,Low-Low,8,217,0.03686635944700461
R3_large_5,Normal,High-High,0,188,0
R3_large_5,Normal,High-Low,20,188,0.10638297872340426
R3_large_5,Normal,Low-High,1,188,0.005319148936170213
R3_large_5,Normal,Low-Low,167,188,0.8882978723404256
R3_large_6,Low-grade,High-High,144,260,0.5538461538461539
R3_large_6,Low-grade,High-Low,3,260,0.011538461538461539
R3_large_6,Low-grade,Low-High,103,260,0.39615384615384613
R3_large_6,Low-grade,Low-Low,10,260,0.038461538461538464
R3_large_6,Normal,High-High,2,132,0.015151515151515152
R3_large_6,Normal,High-Low,13,132,0.09848484848484848
R3_large_6,Normal,Low-High,1,132,0.007575757575757576
R3_large_6,Normal,Low-Low,116,132,0.8787878787878788
R3_large_7,Low-grade,High-High,181,338,0.5355029585798816
R3_large_7,Low-grade,High-Low,6,338,0.01775147928994083
R3_large_7,Low-grade,Low-High,113,338,0.3343195266272189
R3_large_7,Low-grade,Low-Low,38,338,0.11242603550295859
R3_large_7,Normal,High-High,1,165,0.006060606060606061
R3_large_7,Normal,High-Low,15,165,0.09090909090909091
R3_large_7,Normal,Low-High,6,165,0.03636363636363636
R3_large_7,Normal,Low-Low,143,165,0.8666666666666667
R3_small_1,Low-grade,High-High,76,290,0.2620689655172414
R3_small_1,Low-grade,High-Low,12,290,0.041379310344827586
R3_small_1,Low-grade,Low-High,97,290,0.33448275862068966
R3_small_1,Low-grade,Low-Low,105,290,0.3620689655172414
R3_small_1,Normal,High-High,0,77,0
R3_small_1,Normal,High-Low,1,77,0.012987012987012988
R3_small_1,Normal,Low-High,0,77,0
R3_small_1,Normal,Low-Low,76,77,0.987012987012987
R4_large_1,Low-grade,High-High,192,259,0.7413127413127413
R4_large_1,Low-grade,High-Low,0,259,0
R4_large_1,Low-grade,Low-High,66,259,0.2548262548262548
R4_large_1,Low-grade,Low-Low,1,259,0.003861003861003861
R4_large_1,Normal,High-High,0,167,0
R4_large_1,Normal,High-Low,8,167,0.04790419161676647
R4_large_1,Normal,Low-High,1,167,0.005988023952095809
R4_large_1,Normal,Low-Low,158,167,0.9461077844311377
R4_large_2,Low-grade,High-High,311,590,0.5271186440677966
R4_large_2,Low-grade,High-Low,8,590,0.013559322033898305
R4_large_2,Low-grade,Low-High,224,590,0.37966101694915255
R4_large_2,Low-grade,Low-Low,47,590,0.07966101694915254
R4_large_2,Normal,High-High,0,406,0
R4_large_2,Normal,High-Low,15,406,0.03694581280788178
R4_large_2,Normal,Low-High,0,406,0
R4_large_2,Normal,Low-Low,391,406,0.9630541871921182
R4_large_3,Low-grade,High-High,214,521,0.4107485604606526
R4_large_3,Low-grade,High-Low,27,521,0.05182341650671785
R4_large_3,Low-grade,Low-High,214,521,0.4107485604606526
R4_large_3,Low-grade,Low-Low,66,521,0.12667946257197696
R4_large_3,Normal,High-High,0,250,0
R4_large_3,Normal,High-Low,37,250,0.148
R4_large_3,Normal,Low-High,1,250,0.004
R4_large_3,Normal,Low-Low,212,250,0.848
R4_large_4,Low-grade,High-High,173,326,0.5306748466257669
R4_large_4,Low-grade,High-Low,0,326,0
R4_large_4,Low-grade,Low-High,152,326,0.4662576687116564
R4_large_4,Low-grade,Low-Low,1,326,0.003067484662576687
R4_large_4,Normal,High-High,3,330,0.00909090909090909
R4_large_4,Normal,High-Low,20,330,0.06060606060606061
R4_large_4,Normal,Low-High,19,330,0.05757575757575758
R4_large_4,Normal,Low-Low,288,330,0.8727272727272727
R4_large_5,Low-grade,High-High,85,133,0.6390977443609023
R4_large_5,Low-grade,High-Low,0,133,0
R4_large_5,Low-grade,Low-High,48,133,0.3609022556390977
R4_large_5,Low-grade,Low-Low,0,133,0
R4_large_5,Normal,High-High,2,198,0.010101010101010102
R4_large_5,Normal,High-Low,40,198,0.20202020202020202
R4_large_5,Normal,Low-High,2,198,0.010101010101010102
R4_large_5,Normal,Low-Low,154,198,0.7777777777777778
R4_small_1,Low-grade,High-High,0,5,0
R4_small_1,Low-grade,High-Low,0,5,0
R4_small_1,Low-grade,Low-High,4,5,0.8
R4_small_1,Low-grade,Low-Low,1,5,0.2
R4_small_1,Normal,High-High,2,39,0.05128205128205128
R4_small_1,Normal,High-Low,2,39,0.05128205128205128
R4_small_1,Normal,Low-High,9,39,0.23076923076923078
R4_small_1,Normal,Low-Low,26,39,0.6666666666666666
R4_small_2,Low-grade,High-High,19,80,0.2375
R4_small_2,Low-grade,High-Low,0,80,0
R4_small_2,Low-grade,Low-High,58,80,0.725
R4_small_2,Low-grade,Low-Low,3,80,0.0375
R4_small_2,Normal,High-High,0,86,0
R4_small_2,Normal,High-Low,2,86,0.023255813953488372
R4_small_2,Normal,Low-High,3,86,0.03488372093023256
R4_small_2,Normal,Low-Low,81,86,0.9418604651162791
