"barcode","sample_id","dpt_pseudotime"
"AACCACTGCCATAGCC-1","R3_small_1",0.5122701
"AACTAGCACTGTTCGA-1","R3_small_1",0.16206764
"AACTAGCCTTGCAATA-1","R3_small_1",0.112728715
"AACTGCCTCGATAGGT-1","R3_small_1",0.11744717
"AAGATTATCTAGCATA-1","R3_small_1",0.47588742
"AAGTTCCTATTGCTGG-1","R3_small_1",0.5148767
"AATAACGTAACTGTGA-1","R3_small_1",0.0850217
"AATCCGCCTGGTCAAT-1","R3_small_1",0.28430128
"AATGAAGACGGTTCAG-1","R3_small_1",0.14151533
"AATGCAATCACTGTCG-1","R3_small_1",0.48836628
"AATTGCATTGAAGAAT-1","R3_small_1",0.026276333
"AATTGGCTTGAGTTGC-1","R3_small_1",0.047913704
"ACAGGTTCAGTGAACG-1","R3_small_1",0.04713917
"ACCAGTATGAAGTTCC-1","R3_small_1",0.1012075
"ACGACTGAAGACTTAC-1","R3_small_1",0.36924407
"ACGCGTCGGTGAGGTT-1","R3_small_1",0.032928944
"ACGGCTTCCATCGGAA-1","R3_small_1",0.15668616
"ACGTTAATACAATGAC-1","R3_small_1",0.026752407
"ACTCAGTGAGCCTCCA-1","R3_small_1",0.09602452
"ACTCGATTGATATCCA-1","R3_small_1",1
"AGAAGTTGAGCGCAAG-1","R3_small_1",0.42218387
"AGACCGCCGGCCAATG-1","R3_small_1",0.03266471
"AGACTCCTGTATGGCG-1","R3_small_1",0.09300745
"AGATCAGTCGATAGAA-1","R3_small_1",0.027350368
"AGCCGGCCTATTCCAG-1","R3_small_1",0.08337288
"AGCCTCCGAACTACCA-1","R3_small_1",0.059385434
"AGCGGTGAGTGACATG-1","R3_small_1",0.13522245
"AGCTTGAGTCAGGCCG-1","R3_small_1",0.0816416
"AGGACGTCGGCACGAA-1","R3_small_1",0.5171324
"AGGACTGGATGAAGAC-1","R3_small_1",0.80639464
"AGGCATTAAGTCTGGC-1","R3_small_1",0.15523227
"AGGTCTTCCATCGCCG-1","R3_small_1",0.044584885
"AGTACCGTTGTACGCC-1","R3_small_1",0.5357998
"AGTAGAGCATGGACGT-1","R3_small_1",0.4339539
"AGTATTCGTCGGTATC-1","R3_small_1",0.2709361
"AGTCGCCACTCGGCGA-1","R3_small_1",0.10035823
"AGTCGGTCTAATCTGT-1","R3_small_1",0.12088195
"AGTGCGCAACATGCGT-1","R3_small_1",0.038319834
"AGTTATCCTGAACGAA-1","R3_small_1",0.16693214
"ATAACCTAGAACCTGC-1","R3_small_1",0.09231771
"ATACTGGAGGATAACG-1","R3_small_1",0.14333105
"ATAGTTCGCAGCCGTG-1","R3_small_1",0.10708362
"ATCCGGTATCACAAGT-1","R3_small_1",0.44905224
"ATCCGTAGCTTCAGTA-1","R3_small_1",0.06519331
"ATCGCAGTAACTTATT-1","R3_small_1",0.32715005
"ATCGTACACCTATGCC-1","R3_small_1",0.0612756
"ATCTGAGGAACGGTTG-1","R3_small_1",0.025676394
"ATCTTGGCTTCGTCCT-1","R3_small_1",0.4219536
"ATGTACTCTGCAGCAC-1","R3_small_1",0.027379122
"ATTAGATAAGACGGCG-1","R3_small_1",0.052411698
"ATTAGCCTCACTTCTA-1","R3_small_1",0.13896096
"ATTATCACAACTCGGC-1","R3_small_1",0.39061686
"ATTCACGCTGTTATCG-1","R3_small_1",0.5546385
"ATTCGCTCGCGGAGGC-1","R3_small_1",0.07500748
"ATTCTAGGACATCAGT-1","R3_small_1",0.30227846
"CAACGCTTGCTCCTAC-1","R3_small_1",0.48884207
"CAAGCCGCCATAGAGG-1","R3_small_1",0.39093727
"CAATTGAACCGGCTCG-1","R3_small_1",0.51269966
"CACCTTAGCTATTGTC-1","R3_small_1",0.044910017
"CACGCCACAATCGCAC-1","R3_small_1",0.07368123
"CACGTAGGTAGGCTGA-1","R3_small_1",0.507593
"CACGTCAAGTGCGATC-1","R3_small_1",0.46699053
"CACTGGCCAGCCAGAT-1","R3_small_1",0.027361518
"CAGATTGCCTGTAAGT-1","R3_small_1",0.10584127
"CAGCCATGTCTGCCGT-1","R3_small_1",0.094430834
"CAGCTCCTCGGATTCT-1","R3_small_1",0.48060986
"CAGGACATGGTAATGC-1","R3_small_1",0.4531483
"CATAGAACATTGAACA-1","R3_small_1",0.24423921
"CATCCGCCTAAGGAAC-1","R3_small_1",0.05778523
"CATGATAGGCCATGAG-1","R3_small_1",0.08576503
"CATGTCCACCTGCGTC-1","R3_small_1",0.07744155
"CATTAACTATTGTTCC-1","R3_small_1",0.44425872
"CATTAGGATAGTGAAT-1","R3_small_1",0.27367857
"CCGACAGACTGTGCCT-1","R3_small_1",1
"CCGAGGATGACTCGTC-1","R3_small_1",0.074604675
"CCGCGTCGTTGGTCTG-1","R3_small_1",0.09656317
"CCGGCGAACCGTGCAC-1","R3_small_1",0.074623615
"CCGGCGCAGCATGCGA-1","R3_small_1",0.087458
"CCTAATCCACAAGGAT-1","R3_small_1",0.04416104
"CCTAGCCTTCATCGGC-1","R3_small_1",0.07552598
"CCTCTACCGTGATTGG-1","R3_small_1",0.1573329
"CCTGTCTGATAGGTGA-1","R3_small_1",0.061099336
"CGACAAGTACTCCTTA-1","R3_small_1",0.52508765
"CGACAATTATTCTGTC-1","R3_small_1",0.1060911
"CGACTAGGTCCTTAAC-1","R3_small_1",0.035457015
"CGAGGAGTCTAAGGAT-1","R3_small_1",0.051423438
"CGCACTGTGAGCCTGT-1","R3_small_1",0.4625765
"CGCTATTATGATACGT-1","R3_small_1",0.4949651
"CGCTCGGCCGGTTGTC-1","R3_small_1",0.047063816
"CGGCGTAGCGCTAGGA-1","R3_small_1",0.03956431
"CGGTATAGGATGAGCG-1","R3_small_1",0.52558553
"CGGTTATCTGTCTTAA-1","R3_small_1",0.055057887
"CGTACAGACGAGGACC-1","R3_small_1",0.49791732
"CGTAGTACGCATAATG-1","R3_small_1",0.14003515
"CGTCAAGGCGGAATGT-1","R3_small_1",0.086762294
"CGTCCATCGTCCAATA-1","R3_small_1",0.05197604
"CTACAACCGCTGTCTA-1","R3_small_1",0.33842427
"CTACAGATCGGTCGCC-1","R3_small_1",0.5108745
"CTAGGCCAGGAGTACG-1","R3_small_1",0.059574828
"CTATACCGACTCGCAT-1","R3_small_1",0.087006606
"CTATGTGCGGTTGACT-1","R3_small_1",0.13119501
"CTCAATACGTTAACCG-1","R3_small_1",0.123461075
"CTCACCTGAGACTAAG-1","R3_small_1",0.08611548
"CTCACGAGTAGATGAG-1","R3_small_1",0.02826101
"CTCAGAAGACAACTCG-1","R3_small_1",0.08153056
"CTCGACAGCACTCGGA-1","R3_small_1",0.050778445
"CTCGCTAGCACCATCT-1","R3_small_1",0.03553389
"CTCGCTGTTCATAGAT-1","R3_small_1",0.48266292
"CTGACTGTGGCCGGTT-1","R3_small_1",1
"CTGGAATAGTGCAAGT-1","R3_small_1",0.068430424
"CTGGAATGGATCAGCA-1","R3_small_1",0.21104346
"CTGGTGCGTTCACGAG-1","R3_small_1",0.25560257
"CTGTATCTTCGCCATA-1","R3_small_1",0.056262687
"CTGTTCCAGAAGCTGA-1","R3_small_1",0.22702056
"CTTACGGTAAGCCGAA-1","R3_small_1",0.05522094
"CTTACGTCATCCTTAT-1","R3_small_1",0.39573234
"CTTCCGTCGCTGCATC-1","R3_small_1",0.060598828
"CTTCTGTACGGACATC-1","R3_small_1",0.089915425
"GAACTAACTCTACGTG-1","R3_small_1",0.07602552
"GAATAAGGAGAACTAA-1","R3_small_1",0.14087959
"GAATGACACGACTAGG-1","R3_small_1",0.025938854
"GACCACATTCTTGAAT-1","R3_small_1",0.08940786
"GACTACGAGTTCCATT-1","R3_small_1",0.55676275
"GAGCCTCACGTATGTA-1","R3_small_1",0.060256228
"GAGGATCCAGAACTGG-1","R3_small_1",0.48008806
"GAGGTATTAATAGCGG-1","R3_small_1",0.33656004
"GAGGTGCATTCGGATC-1","R3_small_1",0.06529795
"GAGTCTGACTATAGAA-1","R3_small_1",0.55669045
"GAGTTCTATCGTGCCT-1","R3_small_1",0.041378256
"GATAGTGACACTCCAA-1","R3_small_1",0.026904702
"GATCGGAGATACGCAG-1","R3_small_1",0.13583618
"GATCTATGAAGATGCG-1","R3_small_1",0.07464083
"GATGGACCTGGACGGA-1","R3_small_1",0.12581158
"GCATACTAGCATCGAA-1","R3_small_1",0.09024144
"GCCACTATAGACCATA-1","R3_small_1",0.15006238
"GCCAGTAGACGATACC-1","R3_small_1",0.092821814
"GCCGGCGTGAACTTGC-1","R3_small_1",0.07782649
"GCCTGGTACATGGTCG-1","R3_small_1",0.05640057
"GCGAGCGGACCATAAC-1","R3_small_1",0.078771174
"GCTACCATCCTGTAGA-1","R3_small_1",0.42531916
"GCTTGCTTACTTAACG-1","R3_small_1",0.16794398
"GGACAGTGCGGCAACA-1","R3_small_1",0.38010985
"GGACCGCTTCCTGGCA-1","R3_small_1",0.09342919
"GGATAATTCAATGCTG-1","R3_small_1",0.44220287
"GGATCGCTGGCATATT-1","R3_small_1",0.53845286
"GGCATAATCCTATCGC-1","R3_small_1",0.07885473
"GGCCTGCGTTATGCCG-1","R3_small_1",0.035627786
"GGCGGAGCACTGATAA-1","R3_small_1",0.25319797
"GGTCCTGCGAGTAGGT-1","R3_small_1",0.4561515
"GGTCTTGAACCGGCCA-1","R3_small_1",0.108416654
"GGTTCTGGAGTCTACC-1","R3_small_1",0.4690904
"GTAAGTTGCGGAGCGT-1","R3_small_1",0.07087025
"GTACAGTATCGGAATT-1","R3_small_1",0.100729115
"GTACCTGAAGTGAATG-1","R3_small_1",0.27550402
"GTATGATAGTATGGAT-1","R3_small_1",0.4969494
"GTATGTGCAAGCCGGA-1","R3_small_1",0.055335347
"GTATGTTAGTTCTACC-1","R3_small_1",0.08819725
"GTATTCGTGACTTGAT-1","R3_small_1",0.48693296
"GTCAGTTCTGCCTGGA-1","R3_small_1",0.34493345
"GTCATCACGTGGTTCA-1","R3_small_1",0.17988248
"GTCTAAGATCGGACTA-1","R3_small_1",0
"GTCTAATACGGCTAAG-1","R3_small_1",0.7989203
"GTCTTGACAATAGCAA-1","R3_small_1",0.064473145
"GTGAACATTCAACGAT-1","R3_small_1",0.24930063
"GTGACCGGAGTCATAC-1","R3_small_1",0.079259984
"GTGCCTGACACGTTGG-1","R3_small_1",1
"GTTAACTCCGACCACT-1","R3_small_1",0.058649503
"GTTGAATAAGTCAGCA-1","R3_small_1",0.04859612
"TAACGCGTAATATGGC-1","R3_small_1",0.4399811
"TAACGTCACTATAATC-1","R3_small_1",0.11245594
"TAAGGACGCCTGGTTG-1","R3_small_1",0.08019543
"TAATGTGCACGATCTG-1","R3_small_1",0.55565137
"TACAAGCGGAAGTACG-1","R3_small_1",1
"TACGGAATACTCGTTC-1","R3_small_1",0.108218454
"TACGGATCAGCCATCC-1","R3_small_1",0.123276725
"TACTCCTACATCAACT-1","R3_small_1",0.06492626
"TAGACCGGCCAGTACG-1","R3_small_1",0.07391527
"TAGGCGAGCGATCGGT-1","R3_small_1",0.559181
"TATCCACTTGCGTATC-1","R3_small_1",0.19915712
"TATCCTGCGGTTGATC-1","R3_small_1",0.50714856
"TATGACAATGCTTGAA-1","R3_small_1",0.4685684
"TATGGCCGGCGACACT-1","R3_small_1",0.06313427
"TATGTTGGTCCAGTGA-1","R3_small_1",0.036771983
"TATTGAATCCGACTAA-1","R3_small_1",0.4631346
"TCACAAGCTCGAGGCA-1","R3_small_1",0.08632904
"TCACCGTTGCTAATGG-1","R3_small_1",0.17859945
"TCAGCGTGACCTTACC-1","R3_small_1",0.054744456
"TCAGCTATTAATCGCT-1","R3_small_1",0.35928074
"TCAGGAGCAACGGTCG-1","R3_small_1",0.13689543
"TCAGTCGCCAAGGTTG-1","R3_small_1",0.10717553
"TCATCTCCAACCACCT-1","R3_small_1",0.03783475
"TCATTGATAGACTTGC-1","R3_small_1",0.21266373
"TCATTGTTCAATGCGT-1","R3_small_1",0.47281435
"TCCAATTGGTTACAGT-1","R3_small_1",0.059998102
"TCCGAACCTCAACCAT-1","R3_small_1",0.04526249
"TCCGCCAGTGATTAAT-1","R3_small_1",0.060388055
"TCCGGCTCTATGGACA-1","R3_small_1",0.06071618
"TCGATCCAGTCTGTAG-1","R3_small_1",0.1342675
"TCGCCTATCGACTCCT-1","R3_small_1",0.04696143
"TCGTATCACGTTATGA-1","R3_small_1",0.071133584
"TCGTCCAGCATGGCTT-1","R3_small_1",0.14317288
"TCTACAGGTACGCAGT-1","R3_small_1",0.108736925
"TCTACTGTCTCAATGA-1","R3_small_1",0.077571265
"TCTGCAAGGACGGCAA-1","R3_small_1",0.07595005
"TCTGCAATTCACAAGA-1","R3_small_1",0.10487682
"TCTTAGTCGTCTCGGC-1","R3_small_1",0.080065206
"TCTTGCACTATTCAGA-1","R3_small_1",0.1690956
"TGAGGTAGGACTACTG-1","R3_small_1",0.11466221
"TGAGTGAGATCGCTAA-1","R3_small_1",1
"TGATAGGAGCATCAAC-1","R3_small_1",0.06104512
"TGATGGCCGGCATCGC-1","R3_small_1",0.040235348
"TGCAACAGTGAAGCTC-1","R3_small_1",0.30109093
"TGCAGACAATACTGTT-1","R3_small_1",0.118411325
"TGCCAATCCATGTCTA-1","R3_small_1",0.15849781
"TGCTGTCAGAACGAAG-1","R3_small_1",0.36755586
"TGGACGCCTGCGACCG-1","R3_small_1",0.15106416
"TGGCCAACATTCTGAG-1","R3_small_1",0.5326475
"TGGCCTGGCACTGTGG-1","R3_small_1",0.027261863
"TGGCGACACTGCCGGA-1","R3_small_1",0.44625688
"TGGTATTGAGTTGTAA-1","R3_small_1",0.04400537
"TGGTGCAGACCGAAGT-1","R3_small_1",0.03529581
"TGGTTGAACACGCCAA-1","R3_small_1",0.13891627
"TGGTTGCCTCCGGCTT-1","R3_small_1",0.1554268
"TGTTGCGTCCAAGATT-1","R3_small_1",0.06864588
"AACCTACTGTAACTCA-1","R3_small_1",0.10816065
"AACGAGCCTCTTCGGC-1","R3_small_1",0.15835808
"AACTTCATCTTCTGGT-1","R3_small_1",0.5913773
"AAGCAGTATCAGAATC-1","R3_small_1",0.036681753
"AAGCCACCATTCAAGA-1","R3_small_1",0.25797027
"AAGCCAGGTTACGAAC-1","R3_small_1",0.849149
"AAGGTGGATATGATCG-1","R3_small_1",0.9958147
"AAGTCGCTATCCTGTC-1","R3_small_1",0.092998266
"AATACTAACCACTTAT-1","R3_small_1",0.9439137
"AATAGATAGCCTAACC-1","R3_small_1",0.10110752
"AATAGTCGTTATCTAG-1","R3_small_1",0.14127038
"AATCCGGAGCTTGTCT-1","R3_small_1",0.183591
"AATGGTTATTCTAGCT-1","R3_small_1",0.74828243
"AATGTAGTCTTACGAG-1","R3_small_1",0.097168
"AATTGCGTCAGACACT-1","R3_small_1",0.09479176
"AATTGGACGGCATCGT-1","R3_small_1",0.05848528
"ACAGGATACCGGATTC-1","R3_small_1",0.13054031
"ACAGGCACGCGAGGAT-1","R3_small_1",0.9255222
"ACAGTACGCACTACCT-1","R3_small_1",0.12241294
"ACATGTTGCTTGATCT-1","R3_small_1",0.938515
"ACATTGGTTCTGCCGT-1","R3_small_1",0.32008615
"ACGCAAGGCATAAGTC-1","R3_small_1",0.24586621
"ACGCACATTGTAAGTA-1","R3_small_1",0.64801896
"ACGCTCAGTGCTATTC-1","R3_small_1",0.093678184
"ACGGCTTATTGGTATG-1","R3_small_1",0.3750124
"ACGGTGATAATGTTAC-1","R3_small_1",0.3464051
"ACGGTGTACGGTGCCA-1","R3_small_1",0.061662138
"ACTCAGCTTCTGAGAC-1","R3_small_1",0.5201006
"ACTGTACAATTCTACT-1","R3_small_1",0.39589003
"ACTGTACATCCGATAC-1","R3_small_1",0.6573225
"AGACTCAGACAGATAA-1","R3_small_1",0.13906075
"AGCTATAAGTCCAGCA-1","R3_small_1",0.1119114
"AGCTCAACATCGTCCG-1","R3_small_1",0.14505468
"AGGACGAAGCCTCCTT-1","R3_small_1",0.51754016
"AGGAGCATCACTCAGC-1","R3_small_1",0.38295484
"AGGCTTAACCGATTGT-1","R3_small_1",0.50072926
"AGGTACAGCTATGATA-1","R3_small_1",0.40715435
"AGGTCTCACGCCAATA-1","R3_small_1",0.13708076
"AGTCGGTTATACATAG-1","R3_small_1",0.055031423
"AGTCTAGGATTGTCAC-1","R3_small_1",0.16464381
"AGTGTCTTAAGCTTGT-1","R3_small_1",0.086675
"ATAAGGCGGACAAGTT-1","R3_small_1",0.1277936
"ATAATCGTAGTTATTC-1","R3_small_1",0.17311771
"ATAGAATTCTAGGCCG-1","R3_small_1",0.37348688
"ATCCAACGCCACATCG-1","R3_small_1",0.30333033
"ATCGATGTCAGATAGA-1","R3_small_1",0.14308114
"ATCGTAATCCACATGC-1","R3_small_1",0.13333726
"ATCGTCTTAACGAAGG-1","R3_small_1",0.19469553
"ATCTGCCGTCTACAGC-1","R3_small_1",0.119476326
"ATGAGCTATTCGAAGA-1","R3_small_1",0.11538852
"ATGATAATTCCTTGCG-1","R3_small_1",0.19676661
"ATGCTCGCCTCCAATT-1","R3_small_1",0.17869955
"ATGGTAACGGACCGGA-1","R3_small_1",0.9768327
"ATGTACAGTGCCTATG-1","R3_small_1",0.56477255
"ATGTACATCGTGGTTA-1","R3_small_1",0.21522774
"ATGTATCCATAAGTTG-1","R3_small_1",0.11814094
"ATGTTCTGCCTTATCT-1","R3_small_1",1
"ATTAAGTGGCCTAAGG-1","R3_small_1",0.17704612
"ATTGATAACACTAAGA-1","R3_small_1",0.29403207
"ATTGTTATACTTCACG-1","R3_small_1",0.9458661
"CAAGATAAGTGCAATG-1","R3_small_1",0.59352
"CACCATTCTTACGAGC-1","R3_small_1",0.14195806
"CACGTCCATCTACTGA-1","R3_small_1",0.5056332
"CAGCTGGATGCGGCTA-1","R3_small_1",0.1413329
"CAGTCTGGTAATCTAC-1","R3_small_1",0.5880734
"CATACAATGAGTAGCT-1","R3_small_1",0.08776003
"CATCAGGTAGGACCGT-1","R3_small_1",0.6910409
"CATCCGTGGTCGTAAG-1","R3_small_1",0.19740786
"CATGATGCATGTGCTA-1","R3_small_1",0.16689187
"CATGTTATTGATGCAG-1","R3_small_1",0.13655466
"CCAGCGGATTCCGCTG-1","R3_small_1",0.13908038
"CCATTGGCAATTCTCA-1","R3_small_1",0.4051127
"CCGCAAGGAAGGAGGC-1","R3_small_1",0.10750368
"CCTACCATCGCAGTAT-1","R3_small_1",0.36281735
"CCTCATGATTATCTGA-1","R3_small_1",0.088399775
"CCTTAGTCTGTCACTG-1","R3_small_1",0.06506236
"CCTTAGTTATACCAGA-1","R3_small_1",0.67020726
"CGAAGACCGCCAGGCG-1","R3_small_1",0.11094883
"CGACATTGTATGGAGG-1","R3_small_1",0.068647936
"CGCAATGTATCCAATG-1","R3_small_1",0.57873553
"CGCACGTGACTGTTGG-1","R3_small_1",0.10887923
"CGCAGAGCAGTCCGAG-1","R3_small_1",0.43031502
"CGCCTTGACGTGAATC-1","R3_small_1",0.20506886
"CGCTTGCGTACGGCAC-1","R3_small_1",0.5541016
"CGGAGTAAGTGCACAT-1","R3_small_1",0.81548816
"CGGAGTCTTACGTGAA-1","R3_small_1",0.07531263
"CGGCTCGTGGAGTACT-1","R3_small_1",0.26763466
"CGGCTTACGTGCACGA-1","R3_small_1",0.14748053
"CGGCTTATTCGCTAAT-1","R3_small_1",0.55821437
"CGGTGAACGGTTAGAT-1","R3_small_1",0.88837487
"CGTAAGCCGACCGCTT-1","R3_small_1",0.41483116
"CGTCGGCGGTAGATCA-1","R3_small_1",0.071969315
"CGTGTTACCATATGTA-1","R3_small_1",0.3142211
"CTACGAGCCTGGAGAC-1","R3_small_1",0.1183958
"CTAGTTATGTCCAAGG-1","R3_small_1",0.5456742
"CTCAGGTCGTGCTCGC-1","R3_small_1",0.0698184
"CTCGCATACTCAACTC-1","R3_small_1",0.6584052
"CTCGGTCTCCAACTGC-1","R3_small_1",0.14471117
"CTGGCTGGACGCTTGG-1","R3_small_1",0
"CTTAGCACGACAGAAC-1","R3_small_1",0.15917064
"CTTAGCGTAGCGTGCG-1","R3_small_1",0.75299364
"CTTAGCTATCCTTGCG-1","R3_small_1",0.44826868
"CTTAGCTTCGCTGACC-1","R3_small_1",0.22352196
"CTTAGTCCTCATAAGT-1","R3_small_1",0.32802257
"GAACTACAAGTAGGAG-1","R3_small_1",0.12570111
"GAATCAATTACCGACC-1","R3_small_1",0.35911933
"GAATGTATTGGATCAA-1","R3_small_1",0.19423425
"GACAACATCATGCCGC-1","R3_small_1",0.62337315
"GACAACTTGATTGTGA-1","R3_small_1",0.9255222
"GACATCTGCGGTCTTG-1","R3_small_1",0.5170464
"GACCACGGCGTACATA-1","R3_small_1",0.12583672
"GACCTGCTGTACGAAG-1","R3_small_1",0.055562716
"GACGCCTCGTCAGAGG-1","R3_small_1",0.07426726
"GACGCCTCTTGATTGT-1","R3_small_1",0.25785697
"GACGGTACCTGGCCGT-1","R3_small_1",0.13332029
"GAGGACAGATCGCCTA-1","R3_small_1",0.20898049
"GAGGACGAGTCCTAGT-1","R3_small_1",0.48065948
"GATCCGGACATACACC-1","R3_small_1",0.063175015
"GATTATGTGACATGAT-1","R3_small_1",0.31694388
"GATTCGCCATGTATCA-1","R3_small_1",0.62473357
"GCAATCCTCGAGCGTT-1","R3_small_1",0.044546522
"GCACGGAAGGATAGTA-1","R3_small_1",0.4302147
"GCAGTAGATGTCCAAT-1","R3_small_1",0.107136086
"GCCACTCCGTCACCTC-1","R3_small_1",0.59874445
"GCCATTGTAATGTCTT-1","R3_small_1",0.3993411
"GCCGCTTCTAAGGTGA-1","R3_small_1",0.45555222
"GCCTATAGCATACCTT-1","R3_small_1",0.120593876
"GCCTCCGTCTACCTCG-1","R3_small_1",0.6524121
"GCCTTCGCTTATGTTC-1","R3_small_1",0.17217019
"GCGTACCGGAACGACA-1","R3_small_1",0.48681495
"GCGTCCAGCAATTGGC-1","R3_small_1",0.17258434
"GCTCGTCTGCCGCAAT-1","R3_small_1",0.6085663
"GCTGAGTGTTCAACCG-1","R3_small_1",0.0662171
"GCTTGGTCAACCGTGG-1","R3_small_1",0.237792
"GGACCATCACCGCCAA-1","R3_small_1",0.22794528
"GGACGTTAGATATTAC-1","R3_small_1",0.05891181
"GGAGCGAATTGGACGG-1","R3_small_1",0.10088614
"GGATAATTATGCTGGT-1","R3_small_1",0.161464
"GGCGCCAAGGAGCGCT-1","R3_small_1",0.08251671
"GGCGGAGTTGAACTAT-1","R3_small_1",0.19243167
"GGTACGTGCTCGGCAA-1","R3_small_1",0.4929073
"GGTAGTACAGGTTAGA-1","R3_small_1",0.35210216
"GGTCACCGCATAACAA-1","R3_small_1",0.09154289
"GGTCTTCCGGCTGGAC-1","R3_small_1",0.07154058
"GGTTCTATACCGCTTG-1","R3_small_1",0.2611076
"GTACGAGGTAGTGCAC-1","R3_small_1",0.12986274
"GTACGCCTCGCTTCCA-1","R3_small_1",0.8745875
"GTACGCTCGCCAACAT-1","R3_small_1",0.26308578
"GTACGCTTGATACCAC-1","R3_small_1",0.25582433
"GTAGACCTGTCAACCA-1","R3_small_1",0.14406481
"GTAGCAGAACATGGTG-1","R3_small_1",0.11043456
"GTAGGAGCAACAGGCA-1","R3_small_1",0.4487799
"GTATGTAGCAGGCATA-1","R3_small_1",0.38795397
"GTATTAGGTTATCTGC-1","R3_small_1",0.36468604
"GTCAGCCAACATCACG-1","R3_small_1",0.056030236
"GTCCTGCTTACGGCTG-1","R3_small_1",0.082512274
"GTCTATGTTAATAGAA-1","R3_small_1",0.33827302
"GTCTATTAGTGAGGCC-1","R3_small_1",0.121973194
"GTCTTGATTGCCACCT-1","R3_small_1",0.049763396
"GTGCAGTTGTGGCGCT-1","R3_small_1",0.103748344
"GTTGAATGTTGCTGCC-1","R3_small_1",0.09778738
"GTTGGCGTGAGCGACC-1","R3_small_1",0.24720839
"TAAGGTCCGTGACCGT-1","R3_small_1",0.0961322
"TAATGACGAAGCGGCT-1","R3_small_1",0.5278702
"TAATTGACGTCGTTCC-1","R3_small_1",0.9650539
"TACACTTCGCACCGAT-1","R3_small_1",0.110676974
"TACAGTCTCGGCACGG-1","R3_small_1",0.8395044
"TACATCGGACAACTGG-1","R3_small_1",0.59544855
"TACCTGCGGTTGTCCT-1","R3_small_1",0.06558315
"TACGCTCCGGTTGGTA-1","R3_small_1",0.03710209
"TACGGAGGAAGCACCT-1","R3_small_1",0.098337375
"TACGGCCTTGTAGGAG-1","R3_small_1",0.40996504
"TAGACCATCGATTGAG-1","R3_small_1",0.09524804
"TATCATGGATGTTGCC-1","R3_small_1",0.083475806
"TATGACGCGTATGTCG-1","R3_small_1",0.066951334
"TATGGCCTCACGTACA-1","R3_small_1",0.8880019
"TCAAGGAACCTATTGC-1","R3_small_1",0.19463624
"TCACATAAGCGTTGCC-1","R3_small_1",0.2925407
"TCACATAGACCTCCGT-1","R3_small_1",0.16474524
"TCAGAATCTAATAGTC-1","R3_small_1",0.06366029
"TCAGATTACCAGGTTA-1","R3_small_1",0.110945076
"TCATCCACGTGGTCAC-1","R3_small_1",0.54419726
"TCATTGGCGACCGACG-1","R3_small_1",0.2582258
"TCCAATACTATCTGTT-1","R3_small_1",0.15936093
"TCCATGCGTCGGTTAC-1","R3_small_1",0.5003998
"TCCGCCAACATTGCTC-1","R3_small_1",0.07983206
"TCCGCCGGTCTATTCA-1","R3_small_1",0.90364355
"TCCTATTGACTGTTGA-1","R3_small_1",0.106444605
"TCCTCAGTCGGATGCG-1","R3_small_1",0.30920032
"TCCTTGAACAGGACCA-1","R3_small_1",0.14041421
"TCGATATTAGACATAC-1","R3_small_1",0.049060047
"TCGCCTGCGTGCGTGG-1","R3_small_1",0.3660726
"TCGTCAGAACAGCCAG-1","R3_small_1",0.46392366
"TCGTTAGCCAGGCCAG-1","R3_small_1",0.10775077
"TCTAACAAGCCAATCC-1","R3_small_1",0.1879007
"TCTGCCTGGATGTCAG-1","R3_small_1",0.06954681
"TCTTGCTCCGTCGGCA-1","R3_small_1",0.09168751
"TGAATGCGGTTATGGA-1","R3_small_1",0.10036155
"TGAATTATGCCGCAGT-1","R3_small_1",0.04689513
"TGACCATGTACACTCA-1","R3_small_1",0.68336505
"TGACGCTTACTAGACA-1","R3_small_1",0.54055554
"TGAGCCGCGTGATCAT-1","R3_small_1",0.54243374
"TGAGGAATCCATAGAA-1","R3_small_1",0.76853704
"TGCACGCTCCTATCCG-1","R3_small_1",0.11809476
"TGCATTCTTACGGAGG-1","R3_small_1",0.120588996
"TGCCACAATGCTACCG-1","R3_small_1",0.06780847
"TGCCACTCAACCGGCC-1","R3_small_1",0.15898253
"TGCCGGAACTTAGGCA-1","R3_small_1",0.17835422
"TGCCTATCGGCTATGT-1","R3_small_1",0.092638806
"TGCGGATCGGATCTTA-1","R3_small_1",0.07887727
"TGCGTCTGGATCGGAT-1","R3_small_1",0.16859037
"TGCTGTGAAGTCAAGA-1","R3_small_1",0.10197268
"TGGAAGCTCCATCGAC-1","R3_small_1",0.14556144
"TGGCATGTTCGAACAG-1","R3_small_1",0.47146338
"TGTAGGTCTGAACGCA-1","R3_small_1",0.5437099
"TGTATCGGCGGTCGCA-1","R3_small_1",0.51054716
"TGTTCACTGTCTTCCT-1","R3_small_1",0.21581529
"AACCTACAGAGGTAGT-1","R3_small_1",0.63105595
"AACTATTCTGCGGCCT-1","R3_small_1",0.101682454
"AACTGCAACGTCCTGG-1","R3_small_1",0.14614682
"AATGATCTTGACAGCG-1","R3_small_1",0.12384511
"AATGGAGGACCTGGTG-1","R3_small_1",0.2756684
"AATGGTGCGTCCTAAC-1","R3_small_1",0.23027141
"ACAATACAGGCGCCGT-1","R3_small_1",0.29746124
"ACAGAATCCGTTGCTT-1","R3_small_1",0.3807487
"ACATTGGTTCACAGTG-1","R3_small_1",0.09949075
"ACCACGGCCTCGCACC-1","R3_small_1",0.14788489
"ACCATTAGATCGTGGC-1","R3_small_1",0.10736254
"ACCGGCCTCAGGAGTT-1","R3_small_1",0.11093285
"ACCTAAGTAGAACAGA-1","R3_small_1",0.60197574
"ACCTGCCACTATCAAT-1","R3_small_1",0.43454877
"ACGAACGCACGAGCAC-1","R3_small_1",0.21434219
"ACGATGACTATTAGAT-1","R3_small_1",0.101699695
"ACGGCCTTGCCAGAAC-1","R3_small_1",0.1214607
"ACTCCAGTAGCTCCAG-1","R3_small_1",0.9537811
"AGAACTTCGATGCGTA-1","R3_small_1",0.26241124
"AGCACGAGATAACGGT-1","R3_small_1",0.08008997
"AGCCGTATTCAACCGT-1","R3_small_1",0.29694733
"AGCGGTTACAATACGC-1","R3_small_1",0.24056727
"AGCTAGCGTACAGTAA-1","R3_small_1",0.8473401
"AGGACGTATCGCCGTA-1","R3_small_1",0.32556197
"AGGATCCGTGAGGCGG-1","R3_small_1",0.18245229
"AGGATTCTACGCCTAG-1","R3_small_1",0.29682302
"AGGTGGCTGTCGCCAA-1","R3_small_1",0.11560529
"AGTATTGGTATGTCTA-1","R3_small_1",0.8656212
"AGTGTACCTCTGTATG-1","R3_small_1",0.110631704
"ATAAGAATCATGCATC-1","R3_small_1",0.44448042
"ATAAGGAATAGAACAT-1","R3_small_1",0.07586432
"ATAAGTACCACGAGTT-1","R3_small_1",0.070884995
"ATACATCATGCACCAA-1","R3_small_1",0.32223776
"ATACTAGTAACTGAGT-1","R3_small_1",0.1631587
"ATAGGCCGATGATCTA-1","R3_small_1",0.6373386
"ATAGTACTATGGTTCT-1","R3_small_1",0.3281478
"ATCACCAGTTCGGCGA-1","R3_small_1",0.18662485
"ATCCGTAGTGTCGCTC-1","R3_small_1",0.88254493
"ATCGACAGCGGCAACA-1","R3_small_1",0.09698736
"ATCGCAGTCTATGGCA-1","R3_small_1",0.17808293
"ATGCCTTCGTAAGTTA-1","R3_small_1",0.23340069
"ATGCTGCGGATGGTTG-1","R3_small_1",0.45406845
"ATGTACATGAACTCCG-1","R3_small_1",0.12007312
"ATGTAGGTTGGCGAGG-1","R3_small_1",0.08034896
"ATGTATGAGTACCGGA-1","R3_small_1",0.117341846
"ATGTCTGCGTTGCAGC-1","R3_small_1",0.23340492
"ATTAGCGAGCATGCTG-1","R3_small_1",0.41747513
"ATTATCTAGATTAACG-1","R3_small_1",0.24933939
"ATTCCGCAACGCCGCT-1","R3_small_1",0.2071025
"ATTCCGTAAGGATTCC-1","R3_small_1",0.08188318
"ATTCCTGCCTTAACAG-1","R3_small_1",0.070257135
"ATTCTAGTCCACAAGA-1","R3_small_1",0.062761724
"CAACAGGTCAGAGGAC-1","R3_small_1",0.19215426
"CAGACGAATGAGGAAC-1","R3_small_1",0.2414721
"CAGTGAACAGCAACGA-1","R3_small_1",0.12710169
"CATCGGCATGTCGAAG-1","R3_small_1",0.15647979
"CATGATGCTAGCCATG-1","R3_small_1",0.24475391
"CATTAGGCAATGGTTA-1","R3_small_1",0.07753741
"CCAACTTGCCACCGTA-1","R3_small_1",0.1510028
"CCAGACATCCGGTTCT-1","R3_small_1",0.123730935
"CCATTCGTCTGCTCTA-1","R3_small_1",0.12042185
"CCGCTCTGCTGAATTC-1","R3_small_1",0.04766789
"CCTAATGGCACTGTTC-1","R3_small_1",0.05451921
"CCTCGGAAGGCATGCA-1","R3_small_1",0.38759872
"CCTCTTCGAGCGGTTG-1","R3_small_1",0.42016023
"CCTGTCTAAGTAGGCT-1","R3_small_1",0.6208741
"CCTTGTCTACTTAGAC-1","R3_small_1",0.19470757
"CGAATGGACCGTCTTG-1","R3_small_1",0.15440379
"CGACGCCGCAAGTAGC-1","R3_small_1",0.2518058
"CGAGCGTAATGGAGTG-1","R3_small_1",0.30492476
"CGAGCTTAGAATACCT-1","R3_small_1",0.119859286
"CGCACGTAGCATTGTT-1","R3_small_1",0.32515234
"CGCATGGAATTCACGA-1","R3_small_1",0.2840921
"CGCTATTAATCTATAA-1","R3_small_1",0.2858227
"CGCTGCTATGACAGAC-1","R3_small_1",0.11692967
"CGTAACATTGGCTGAG-1","R3_small_1",0.25361103
"CGTAGTTCGTTGGTAG-1","R3_small_1",0.19419216
"CGTGTACGATGATTGT-1","R3_small_1",0.39728317
"CGTTGTGAGCAAGTGG-1","R3_small_1",0.23830204
"CTATTCTGTAGGACCT-1","R3_small_1",0.21770404
"CTCACCTGCCGACTAA-1","R3_small_1",0.2659719
"CTCATATGATAACTAT-1","R3_small_1",0.23315196
"CTCCACTGGCTAATGG-1","R3_small_1",0.27138793
"CTCCTACCTCGTGGTA-1","R3_small_1",0.06345801
"CTGATTATCAATAGAC-1","R3_small_1",0.22480999
"CTGTGGCTTGTCAGCT-1","R3_small_1",0.078098945
"CTGTGGTAAGCTAATA-1","R3_small_1",0.16088922
"CTTAGCAAGGACAGCC-1","R3_small_1",0.1049349
"CTTCGACTCCAGACTG-1","R3_small_1",0.89470035
"GAATACAGACGAACTG-1","R3_small_1",0.15011725
"GAATGAGTATAGACCA-1","R3_small_1",0.35588402
"GACGTCTTATCTCAGC-1","R3_small_1",0.13156895
"GAGCTAACCTACTTAC-1","R3_small_1",0.9774376
"GAGGTGGCTCGAGGTT-1","R3_small_1",0
"GAGTCTCGAGATAGTC-1","R3_small_1",0.25459442
"GAGTTACTCAATGGAA-1","R3_small_1",0.0643023
"GATCGTTGATGGATGC-1","R3_small_1",0.45295677
"GATTCCGTGCGTATAC-1","R3_small_1",0.06066875
"GATTGTCGCAACGAGG-1","R3_small_1",0.15087393
"GCAATTAATCAACGTA-1","R3_small_1",0.08577829
"GCAGGTCACTACCTCA-1","R3_small_1",0.30611086
"GCCAACGAGCGGCATA-1","R3_small_1",0.17572668
"GCCGTATGCCAGTCTT-1","R3_small_1",0.118852414
"GCGAATAGTGGCTAAT-1","R3_small_1",0.21127996
"GCGGTCCTGTAGTCTG-1","R3_small_1",0.07108728
"GCGTCGGTCACGCCAG-1","R3_small_1",0.08690893
"GCTTCTAAGTCTGACG-1","R3_small_1",0.05976083
"GCTTGGCTGCGGTAAC-1","R3_small_1",0.18943197
"GGACGTTGGAGGTGAT-1","R3_small_1",0.22922117
"GGAGTCTAAGTGGTCC-1","R3_small_1",0.078404985
"GGCGAGGCAGCCTACT-1","R3_small_1",0.14508688
"GGTCTGAAGTATGTCA-1","R3_small_1",0.17913194
"GGTCTGCGAACTGTAT-1","R3_small_1",0.23304588
"GGTCTGGTTGTAGAAC-1","R3_small_1",0.093792476
"GGTCTTATAGGCTGGC-1","R3_small_1",0.21572554
"GGTGCAATCAGACTTC-1","R3_small_1",0.21071923
"GGTGCAGGCACCGCGT-1","R3_small_1",0.21602869
"GTAATGACGGTCTACG-1","R3_small_1",0.18888433
"GTACTTACTTCATACC-1","R3_small_1",0.11850978
"GTAGGTGATAATTCAC-1","R3_small_1",0.28682375
"GTAGTGACATTACGAC-1","R3_small_1",0.13585584
"GTATGCGGTATCATGA-1","R3_small_1",0.090229996
"GTCAACAGTTAAGTGA-1","R3_small_1",0.03934132
"GTCACTAAGCCAGCGG-1","R3_small_1",0.20985153
"GTCACTTATGTCGTAT-1","R3_small_1",0.076309994
"GTCAGTGCTGACAGCG-1","R3_small_1",0.26167044
"GTCGCATGCGGTAGAT-1","R3_small_1",0.30550852
"GTGAAGTGATCGTGCT-1","R3_small_1",0.10342825
"GTGACATACAGGTCCT-1","R3_small_1",0.1723986
"GTGGAACAGAAGTCGA-1","R3_small_1",0.06690842
"GTGGCGCCAGCTAACC-1","R3_small_1",0.3015537
"GTTATTGCTGAATCCG-1","R3_small_1",0.13000911
"GTTCTTGATCTGTTGA-1","R3_small_1",0.07983004
"GTTGACGGATAGCCAT-1","R3_small_1",0.22349636
"TAACGCTCACATTCTA-1","R3_small_1",0.30829212
"TAAGAATATGAGATAG-1","R3_small_1",0.083251245
"TAAGCTCCTTCACGCC-1","R3_small_1",0.9131144
"TACACCTTGCGGCAGG-1","R3_small_1",0.12354142
"TAGACAGGAGATCATT-1","R3_small_1",0.24324682
"TAGTATAACCTCGACA-1","R3_small_1",0.2310035
"TAGTGGTTGAACCAAT-1","R3_small_1",0.3990333
"TATCAACGAATATGAG-1","R3_small_1",0.068540186
"TATCAAGGCCGCGTGG-1","R3_small_1",0.07969471
"TATCTAGTGCCATATT-1","R3_small_1",0.13142847
"TATTGTTAACCGAGAC-1","R3_small_1",0.812206
"TCAAGGCAACGCGGCT-1","R3_small_1",0.2189298
"TCATAGGTGAGTCGAC-1","R3_small_1",0.09140493
"TCATCGTTATGTATCT-1","R3_small_1",0.18628688
"TCCAATCTAACACGCA-1","R3_small_1",0.07820793
"TCCGAATAGAAGCACC-1","R3_small_1",0.14114371
"TCGGAACGTCTGCAAG-1","R3_small_1",0.16889384
"TCGGACCAGGATCGCC-1","R3_small_1",0.107183225
"TCGGTAGGCATCACGC-1","R3_small_1",0.12286511
"TCGTGCCTCGGTAGTT-1","R3_small_1",0.12429334
"TCTAACCGTGCTAGCT-1","R3_small_1",0.13710617
"TCTACAACTGGAACTT-1","R3_small_1",0.0651693
"TCTAGAATTGCGGTTG-1","R3_small_1",0.04543817
"TCTGTCACCGTTAATA-1","R3_small_1",0.090153046
"TCTTACCGCTCGTATG-1","R3_small_1",0.29993665
"TCTTACTGAGACTAGT-1","R3_small_1",0.22693175
"TGAATGTACCTTCGTC-1","R3_small_1",0.32018992
"TGAATTCGTGGTATAA-1","R3_small_1",0.1602411
"TGACCAGCACTCCAGC-1","R3_small_1",0.36923128
"TGATAAGCAGTAAGAA-1","R3_small_1",0.38713
"TGCACTCCAGCTACTC-1","R3_small_1",1
"TGCAGAGGTCGTAATT-1","R3_small_1",0.44296184
"TGCCTATCAATGCCAT-1","R3_small_1",0.05351122
"TGCGATTAGCTCCGCC-1","R3_small_1",0.08757806
"TGCGTGTCGGCGGATA-1","R3_small_1",0.17972252
"TGCTTATGAATAAGCA-1","R3_small_1",0.24256113
"TGGAGTGCTCCTGATC-1","R3_small_1",0.089297295
"TGGATCCAGTCACTTC-1","R3_small_1",0.16070935
"TGGTGCCTAGCACGGC-1","R3_small_1",0.26875898
"TGTAGGTCACTACATG-1","R3_small_1",0.08866324
"TGTCATGCATGAGCAC-1","R3_small_1",0.081894435
"TGTTCCTCACATTAAT-1","R3_small_1",0.0515863
